Full Name,First Name,Last Name,Country Tag,Culture,Interest Group,Ideology,Yes Values,Born,Traits,Readble Traits,
Habibullah Khan,Habibullah,Khan,AFG,cu:pashtun,ig_landowners,ideology_reformer,ruler,1872.06.03,basic_diplomat; tactful,"Diplomat, Flexible",TRUE
Wilhelm Friedrich Heinrich,Wilhelm,Friedrich_Heinrich,ALB,cu:german,ig_petty_bourgeoisie,ideology_authoritarian,ruler,1876.09.26,,,
Feng Yuxiang,Feng,Yuxiang,AHU,cu:han,ig_armed_forces,ideology_jingoist_leader,ruler; is_general,1882.11.06,,,
Duan Qirui,Duan,Qirui,AHU,cu:han,ig_armed_forces,ideology_authoritarian,ruler,1865.03.05,,,
Ismail Qemali,Ismail,Qemali,ALB,cu:albanian,ig_petty_bourgeoisie,ideology_reformer,ig_leader,1844.01.16,,,
Jose Mendes Ribeiro Norton de Matos,Jose,Mendes_de_Matos,ANG,cu:portuguese,ig_armed_forces,ideology_republican_leader,ruler,1867.03.23,experienced_offensive_planner; basic_colonial_administrator; erudite; direct,"Experienced Offensive Planner, Colonial Administrator, Erudite, Direct",
Roque Sáenz Peña,Roque,Saenz_Pena,ARG,cu:argentine,ig_industrialists,ideology_reformer,ruler; ig_leader,1851.03.19,experienced_diplomat; syphilis,"Experienced Diplomat, Syphilis, Lawyer, Soldier",
Victorino de la Plaza,Victorino,de_la_Plaza,ARG,cu:argentine,ig_petty_bourgeoisie,ideology_moderate,ig_leader,1840.11.02,ambitious; pious; direct,"Ambitious, Pious, Direct",
Hipolito Yrigoyen,Hipolito,Yrigoyen,ARG,cu:argentine,ig_trade_unions,ideology_social_democrat,ig_leader,1852.07.12,charismatic; persistent,"Charismatic, Persistent",
José Félix Uriburu,José,Felix_Uriburu,ARG,cu:argentine,ig_armed_forces,ideology_traditionalist,ig_leader,1868.07.20,direct; ambitious; popular_commander,"Direct, Ambitious, Popular Commander",
Lisandro de la Torre,Lisandro,de_la_Torre,ARG,cu:argentine,ig_intelligentsia,ideology_republican_leader,ig_leader,1868.12.06,honorable; persistent,"Honorable, Persistent",
Marcelo Torcuato de Alvear,Marcelo,Torcuato_de_Alvear,ARG,cu:argentine,ig_intelligentsia,ideology_republican_leader,ig_leader,1868.10.04,inspirational_orator,Inspirational Orator,
Leandro Nicéforo Alem,Leandro,Niceforo_Alem,ARG,cu:argentine,ig_trade_unions,ideology_social_democrat,ig_leader,1841.03.11,erudite; inspirational_orator,"Erudite, Inspirational Orator",
Enrique Mosca,Enrique,Mosca,ARG,cu:argentine,ig_rural_folk,ideology_social_democrat,ig_leader,1880.07.15,basic_political_operator; innovative,"Political operator, Innovative",
Joseph Cook,Joseph,Cook,AST,cu:british,ig_industrialists,ideology_market_liberal,ruler; ig_leader,1860.12.07,pious; experienced_political_operator; charismatic,"Pious, Experienced Political Operator, Charismatic",
Andrew Fisher,Andrew,Fisher,AST,cu:british,ig_trade_unions,ideology_social_democrat,ig_leader,1862.08.29,persistent,Persistent,
Billy Hughes,Billy,Hughes,AST,cu:british,ig_rural_folk,ideology_moderate,ig_leader,1862.09.25,pious; romantic,"Pious, Romantic",
John Monash,John,Monash,AST,cu:british,ig_armed_forces,ideology_moderate,ig_leader,1865.06.27,tactful; charismatic; direct,"Tactful, Charismatic, Direct",
Henry Lawson,Henry,Lawson,AST,cu:british,ig_trade_unions,ideology_social_democrat,is_agitator,1867.06.17,literary; firebrand; charismatic,"Literary, Firebrand, Charismatic",
Edith Cowan,Edith,Cowan,AST,cu:british,ig_intelligentsia,ideology_feminist,is_agitator,1861.08.02,persistent; experienced_political_operator,"Persistent, Experienced Political Operator",
Matthew Charlton,Matthew,Charlton,AST,cu:british,ig_trade_unions,ideology_social_democrat,ig_leader,1866.03.15,experienced_political_operator,Experienced Political Operator,
Earle Page,Earle,Page,AST,cu:british,ig_rural_folk,ideology_protectionist,ig_leader,1880.08.08,tactful; charismatic; basic_diplomat,"Tactful, Charismatic, Diplomat",
Henry Boote,Henry,Boote,AST,cu:british,ig_intelligentsia,ideology_social_democrat,is_agitator,1865.05.23,literary; charismatic,"Literary, Charismatic",
Karl Lueger,Karl,Lueger,AUS,cu:german,ig_petty_bourgeoisie,ideology_royalist,ig_leader,1844.10.24,charismatic; demagogue,,
Istvan Tisza,István,Tisza,AUS,cu:hungarian,ig_rural_folk,ideology_traditionalist,ig_leader,1861.04.22,traditionalist_commander; experienced_political_operator,,
Albert Salomon,Albert,Salomon,AUS,cu:german,ig_industrialists,ideology_market_liberal,ig_leader,1862.03.25,master_bureaucrat; meticulous,,
Friedrich Schindler,Friedrich,Schindler,AUS,cu:german,ig_industrialists,ideology_market_liberal,is_agitator,1856.11.30,engineer; experienced_diplomat,,
Julius Deutsch,Julius,Deutsch,AUS,cu:ashkenazi,ig_petty_bourgeoisie,ideology_socialist,is_agitator,1884.02.02,firebrand; popular_commander,,
Jakob Reumann,Jakob,Reumann,AUS,cu:german,ig_rural_folk,ideology_socialist,is_agitator,1853.12.31,honorable; persistent,,
Franz Xaver Nagl,Franz,Xaver_Nagl,AUS,cu:german,ig_devout,ideology_theocrat,ig_leader,1855.11.26,pious; traditionalist_commander,,
Lajos Haynal,Lajos,Haynal,AUS,cu:hungarian,ig_devout,ideology_theocrat,is_agitator,1851.08.14,pious; erudite,,
Istvan Tisza,Istvan,Tisza,AUS,cu:hungarian,ig_landowners,ideology_jingoist_leader,ig_leader,1861.04.22,wrathful; direct,"Wrathful, Direct",
Mihaly Karolyi,Mihaly,Karolyi,AUS,cu:hungarian,ig_intelligentsia,ideology_republican_leader,is_agitator,1875.03.04,literary; charismatic,"Literary, Charismatic",
Bela Kun,Bela,Kun,AUS,cu:hungarian,ig_trade_unions,ideology_vanguardist,is_agitator,1886.02.20,persistent; bigoted,"Persistent, Bigoted",
Karl Renner,Karl,Renner,AUS,cu:german,ig_trade_unions,ideology_social_democrat,ig_leader,1870.12.14,persistent; experienced_political_operator,"Persistent, Experienced Political Operator",
Friedrich von Wiesner,Fridriech,Von_Wiesner,AUS,cu:german,ig_intelligentsia,ideology_market_liberal,ig_leader,1851.07.10,erudite; literary,"Erudite, Literary",
Gyula Gombos,Gyula,Gombos,AUS,cu:hungarian,ig_armed_forces,ideology_authoritarian,is_general,1886.12.26,reckless; basic_offensive_planner,"Reckless, Offensive Planner",
Miklos Horthy,Miklos,Horty,AUS,cu:hungarian,ig_armed_forces,ideology_royalist,is_admiral; ig_leader,1868.06.18,pious; experienced_political_operator; charismatic,"Pious, Experienced Political Operator, Charismatic",
Svetozar Boroević,Svetozar,Boroević,AUS,cu:croatian,ig_armed_forces,ideology_traditionalist,is_general,1856.12.13,expert_defensive_strategist; traditionalist_commander; honorable,,
Arz Artur_von_Straussenburg,Arz,Artur_von_Straussenburg,AUS,cu:austrian,ig_armed_forces,ideology_authoritarian,is_general,1857.06.16,meticulous; master_bureaucrat,,
Franz Conrad_von_Hötzendorf,Franz,Conrad_von_Hötzendorf,AUS,cu:austrian,ig_armed_forces,ideology_jingoist_leader,is_general,1852.11.11,experienced_offensive_planner; imperious; tactful,,
Josef Roth,Josef,Roth,AUS,cu:austrian,ig_armed_forces,ideology_traditionalist,is_general,1859.08.02,traditionalist_commander; cautious; stalwart_defender,,
Karl Tersztyánszky_von_Nádas,Karl,Tersztyánszky_von_Nádas,AUS,cu:hungarian,ig_armed_forces,ideology_moderate,is_general,1854.03.27,experienced_defensive_strategist; charismatic; reserved,,
Anton Haus,Anton,Haus,AUS,cu:austrian,ig_armed_forces,ideology_traditionalist,is_admiral,1851.06.13,expert_naval_commander; cautious; honorable,,
Maximilian Daublebsky_von_Sterneck,Maximilian,Daublebsky_von_Sterneck,AUS,cu:austrian,ig_armed_forces,ideology_republican_leader,is_admiral,1829.10.14,engineer; erudite; traditionalist_commander,,
Hermann Spannocchi,Hermann,Spannocchi,AUS,cu:austrian,ig_armed_forces,ideology_authoritarian,is_admiral,1860.09.01,experienced_naval_commander; tactful; reserved,,
Albert Léopold Meinrad,Albert,Leopold_Meinrad,BEL,cu:belgian,ig_petty_bourgeoisie,ideology_humanitarian_royalist,ruler,1875.04.08,honorable,Honorable,
Charles de Broqueville,Charles,de_Broqueville,BEL,cu:belgian,ig_petty_bourgeoisie,ideology_traditionalist,ig_leader,1860.12.04,,,
Paul Hymans,Paul,Hymans,BEL,cu:belgian,ig_intelligentsia,ideology_pacifist,ig_leader,1865.03.23,masterful_diplomat,Masterful Diplomat,
Emile Francqui,Émile,Francqui,BEL,cu:belgian,ig_industrialists,ideology_market_liberal,ig_leader,1863.06.25,master_bureaucrat; experienced_diplomat; tactful,,
Émile Vandervelde,Emile,Vandervelde,BEL,cu:belgian,ig_trade_unions,ideology_social_democrat,ig_leader,1866.01.25,,,
Gérard Cooreman,Gerard,Cooreman,BEL,cu:belgian,ig_landowners,ideology_republican_leader,ig_leader,1852.03.25,,,
Henri Carton de Wiart,Henri,Carton_de_Wiart,BEL,cu:belgian,ig_landowners,ideology_republican_leader,ig_leader,1869.01.31,,,
Armand De Ceuninck,Armand,de_Ceuninck,BEL,cu:belgian,ig_armed_forces,ideology_jingoist_leader,ig_leader,1858.05.27,,,
Adolphe Max,Adoplhe,Max,BEL,cu:belgian,ig_intelligentsia,ideology_republican_leader,is_agitator,1869.12.30,,,
Félix Wielemans,Felix,Wielemans,BEL,cu:belgian,ig_armed_forces,ideology_jingoist_leader,is_general,1863.01.10,,,
Ugyen,Ugyen ,Wangchuck,BHU,cu:tibetan,ig_landowners,ideology_traditionalist,ruler,1862.06.11,direct; honorable; pious,"Direct, Honorable, Pious",
Edwin Samuel Montagu,Edwin,Samuel_Montagu,BIC,cu:british,ig_industrialists,ideology_reformer,ig_leader,1879.02.06,,,
Frederic Thesiger,Frederic,Thesiger,BIC,cu:british,ig_landowners,ideology_royalist,ig_leader,1868.08.12,,,
Sayyid Amir Ali,Sayyid,Amir_Ali,BIC,cu:west_indian,ig_rural_folk,ideology_reformer,ig_leader,1849.04.06,pious; erudite,,
Dadabhai Naoroji,Dadabhai,Naoroji,BIC,cu:central_indian,ig_intelligentsia,ideology_social_democrat,ig_leader,1825.09.04,charismatic,,
Gokhale Gopal Krishna,Gokhale,Gopal_Krishna,BIC,cu:east_indian,ig_petty_bourgeoisie,ideology_radical,ig_leader,1866.05.09,inspirational_orator,,
Tata Jamsetji,Tata,Jamsetji,BIC,cu:east_indian,ig_industrialists,ideology_market_liberal,ig_leader,1839.03.03,innovative,,
Arthur Barrett,Arthur,Barret,BIC,cu:british,ig_armed_forces,ideology_jingoist_leader,ig_leader; is_general,1857.06.03,,,
Frederick Roberts,Frederick,Roberts,BIC,cu:british,ig_armed_forces,ideology_authoritarian,is_general,1832.09.30,traditionalist_commander,,
Horatio Herbert Kitchener,Horatio,Herbert_Kitchener,BIC,cu:british,ig_armed_forces,ideology_jingoist_leader,is_general,1850.06.24,master_bureaucrat; experienced_offensive_planner,,
James Willcocks,James,Willcocks,BIC,cu:british,ig_armed_forces,ideology_traditionalist,is_general,1857.04.01,brave,,
Wilfred Collet,Wilfred,Collet,BLZ,cu:british,ig_petty_bourgeoisie,ideology_reformer,ruler,1856.11.23,experienced_colonial_administrator; erudite,"Experienced Colonial Administrator, Erudite",
Eliodoro Villazón,Eliodoro,Villazon,BOL,cu:bolivian,ig_petty_bourgeoisie,ideology_market_liberal,ruler; ig_leader,1848.01.22,expert_political_operator; charismatic,"Expert Political Operator, Charismatic, Lawyer",
Ismael Montes Gamboa,Ismael,Montes,BOL,cu:bolivian,ig_intelligentsia,ideology_liberal_leader,ig_leader,1861.10.05,,,
José Gutiérrez Guerra,Jose,Gutierrez_Guerra,BOL,cu:bolivian,ig_intelligentsia,ideology_liberal_leader,ig_leader,1869.09.05,,,
Bautista Saavedra Mallea,Bautista,Saavedra_Mallea,BOL,cu:bolivian,ig_trade_unions,ideology_social_democrat,ig_leader,1870.08.30,,,
Hernando Siles Reyes,Hernando,Siles_Reyes,BOL,cu:bolivian,ig_petty_bourgeoisie,ideology_republican_paternalistic,,1882.08.05,,,
Muhammad Jamalul Alam II,Muhammad,Jamalul_Alam,BRU,cu:malay,ig_landowners,ideology_traditionalist,ruler,1889.01.01,pious; tactful,"Pious, Tactful",
Hermes da Fonseca,Hermes,da_Fonseca,BRZ,cu:brazilian,ig_armed_forces,ideology_positivist,ruler; ig_leader,1855.05.12,direct; innovative; expert_defensive_strategist,"Direct, Innovative, Expert Defensive Strategist",
Venceslau Bras,Venceslau,Bras,BRZ,cu:brazilian,ig_landowners,ideology_authoritarian,ig_leader,1868.02.26,,,
Epitacio Pessoa,Epitacio,Pessoa,BRZ,cu:brazilian,ig_industrialists,ideology_market_liberal,ig_leader,1865.05.23,,,
Arthur Bernardes,Arthur,Bernardes,BRZ,cu:brazilian,ig_armed_forces,ideology_authoritarian,is_general,1875.08.08,,,
Joao Pandia Calogeras,Joao,Pandia_Calogeras,BRZ,cu:brazilian,ig_armed_forces,ideology_republican_leader,is_general,1870.06.19,,,
Nilo Pecanha,Nilo,Pecanha,BRZ,cu:brazilian,ig_intelligentsia,ideology_republican_leader,ig_leader,1867.10.02,,,
Washington Luis,Washington,Luis,BRZ,cu:brazilian,ig_industrialists,ideology_market_liberal,ig_leader,1869.10.26,,,
Octávio Brandão,Octavio,Brandao,BRZ,cu:brazilian,ig_trade_unions,ideology_vanguardist,is_agitator,1896.09.12,,,
José Oiticica,Jose,Oiticia,BRZ,cu:brazilian,ig_trade_unions,ideology_anarchist,is_agitator,1882.7.22,,,
Isidoro Dias Lopes,Isidoro,Dias_Lopes,BRZ,cu:brazilian,ig_armed_forces,ideology_land_reformer,is_agitator; is_general,1865.06.30,,,
Herbet Cecil Sloley,Herbert,Sloley,BST,cu:british,ig_armed_forces,ideology_moderate,ruler,1855.02.04,basic_colonial_administrator; arrogant; brave,"Colonial Administrator, Arrogant, Brave",
Nathaniel Lerotholi,Nathaniel,Lerotholi,BST,cu:southern_bantu,ig_landowners,ideology_moderate,ruler,1870.01.01,,,
Daudi Cwa II,Daudi,Cwa,BUG,cu:eastern_bantu,ig_landowners,ideology_moderate,ruler,1896.08.08,tactful; honorable; literary,"Tactful, Honorable, Literary",
Muhammad Alim Khan,Muhammad,Alim_Khan,BUK,cu:steppe_turk,ig_landowners,ideology_traditionalist,ruler,1880.01.03,expensive_tastes; tactful; wrathful,"Expensive Tastes, Tactful, Wrathful",
Ferdinand I,Ferdinand,of_Saxe_Coburg_Gotha,BUL,cu:german,ig_armed_forces,ideology_jingoist_leader,ruler,1861.02.26,hedonist; reckless,"Hedonist, Reckless",
Boris Klemens Xaver,Boris,Klemens_Xaver,BUL,cu:german,ig_armed_forces,ideology_royalist,heir,1894.01.18,,,
Vasil Radoslavov,Vasil,Radoslavov,BUL,cu:bulgarian,ig_industrialists,ideology_market_liberal,ig_leader,1854.07.27,,,
Aleksandar Stamboliyski,Aleksandar,Stamboliyski,BUL,cu:bulgarian,ig_rural_folk,ideology_land_reformer,ig_leader,1879.03.01,,,
Nikola Zhekov,Nikola,Zhekov,BUL,cu:bulgarian,ig_armed_forces,ideology_jingoist_leader,is_general,1865.01.06,tactful; experienced_artillery_commander,"Tactful, Experienced Artillery Commander",
Aleksandar Tsankov,Aleksandar,Tsankov,BUL,cu:bulgarian,ig_industrialists,ideology_market_liberal,ig_leader,1879.06.29,,,
Dimitar Rizov,Dimitar,Rizov,BUL,cu:bulgarian,ig_armed_forces,ideology_jingoist_leader,ig_leader; is_general,1862.05.23,experienced_diplomat,Experienced Diplomat,
Kimon Georgiev,Kimon,Georgiev,BUL,cu:bulgarian,ig_armed_forces,ideology_jingoist_leader,is_general,1882.08.11,,,
Robert Borden,Robert,Borden,CAN,cu:anglo_canadian,ig_petty_bourgeoisie,ideology_protectionist,ruler; ig_leader,1854.06.26,tactful; ambitious; expert_political_operator,"Tactful, Ambitious, Expert Political Operator, Lawyer",
Wilfrid Laurier,Wilfrid,Laurier,CAN,cu:franco_canadian,ig_intelligentsia,ideology_liberal_leader,ig_leader,1841.11.20,experienced_political_operator,Experienced Political Operator,
James Shaver Woodsworth,James,Shaver_Woodsworth,CAN,cu:anglo_canadian,ig_devout,ideology_social_democrat,ig_leader,1874.07.29,inspirational_orator; pious,"Inspirational Orator, Pious",
Sam Hughes,Sam,Hugues,CAN,cu:anglo_canadian,ig_armed_forces,ideology_jingoist_leader,ig_leader,1853.01.08,imposing,Imposing,
Robert Chalmers,Robert,Chalmers,CEY,cu:british,ig_intelligentsia,ideology_moderate,ruler; ig_leader,1858.08.18,cruel; charismatic; erudite,"Cruel, Charismatic, Erudite",
Yuan Shikai,Shikai,Yuan,CHI,cu:han,ig_armed_forces,ideology_authoritarian,ruler; ig_leader; is_general,1859.09.16,grifter; ambitious; experienced_offensive_planner,"Grifter, Ambitious, Experienced Offensive Planner",
Liang Shiyi,Liang,Shiyi,CHI,cu:han,ig_industrialists,ideology_authoritarian,ig_leader,1869.05.05,,,
Tang Shaoyi,Tang,Shaoyi,CHI,cu:han,ig_petty_bourgeoisie,ideology_moderate,is_general,1862.01.02,experienced_diplomat,,
Li Yuanhong,Li,Yuanhong,CHI,cu:han,ig_petty_bourgeoisie,ideology_moderate,ig_leader; is_admiral,1864.10.19,reserved; basic_political_operator; basic_naval_commander,,
Liang Qichao,Liang,Qichao,CHI,cu:han,ig_intelligentsia,ideology_liberal_leader,ig_leader,1873.02.23,,,
Kang Youwei,Kang,Youwei,CHI,cu:han,ig_devout,ideology_moderate,ig_leader,1858.03.19,,,
Chen Duxiu,Chen,Duxiu,CHI,cu:han,ig_trade_unions,ideology_vanguardist,ig_leader,1879.10.08,,,
Li Dazhao,Li,Dazhao,CHI,cu:han,ig_rural_folk,ideology_vanguardist,is_agitator,1889.10.29,,,
Wang Jingwei,Wang,Jingwei,CHI,cu:han,ig_intelligentsia,ideology_republican_leader,is_agitator,1883.05.04,,,
He Yingqin,He,Yingqin,CHI,cu:han,ig_rural_folk,ideology_jingoist_leader,ig_leader; is_general,1890.04.02,,,
Zhang Fenghui,Zhang,Fenghui,CHI,cu:han,ig_armed_forces,ideology_republican_leader,is_general,1881.2.5,erudite; wrathful; meticulous; stalwart_defender,,
Jiang Zungu,Jiang,Zungu,CHI,cu:han,ig_armed_forces,ideology_radical,is_general,1882.6.17,persistent; basic_offensive_planner; resupply_commander,,
Bai Wenwei,Bai,Wenwei,CHI,cu:han,ig_armed_forces,ideology_radical,is_general,1876.6.8,reckless; innovative; surveyor,,
Lian Xing,Lian,Xing,CHI,cu:han,ig_landowners,ideology_traditionalist,is_general,1861.5.12,,,
Zhang Xiluan,Zhang,Xiluan,CHI,cu:han,ig_landowners,ideology_traditionalist,ig_leader; is_general,1864.3.6,erudite; brave; basic_defensive_strategist,,
Ramón Barros Luco,Ramon,Barros,CHL,cu:chilean,ig_petty_bourgeoisie,ideology_moderate,ruler; ig_leader,1835.06.09,tactful; basic_diplomat,"Tactful, Diplomat, Lawyer",
Juan Luis Sanfuentes,Juan,Luis_Sanfuentes,CHL,cu:chilean,ig_intelligentsia,ideology_republican_leader,ig_leader,1858.12.27,,,
Arturo Alessandri Palma,Arthuro,Alessandri_Palma,CHL,cu:chilean,ig_trade_unions,ideology_social_democrat,ig_leader,1868.12.20,,,
Luis Emilio Recabarren,Luis,Emilio_Recabarren,CHL,cu:chilean,ig_trade_unions,ideology_communist,is_agitator,1876.7.6,,,
Carlos Ibáñez del Campo,Carlos,Ibanez_del_Campo,CHL,cu:chilean,ig_armed_forces,ideology_authoritarian,ig_leader; is_general,1877.11.03,,,
Marmaduke Grove,Marmaduke,Grove,CHL,cu:chilean,ig_armed_forces,ideology_social_democrat,is_general; is_agitator,1878.07.06,,,
Carlos Eugenio Restrepo Restrepo,Carlos_Eugenio,Restrepo,CLM,cu:colombian,ig_petty_bourgeoisie,ideology_moderate,ruler; ig_leader,1867.09.12,tactful; demagogue,"Tactful, Demagogue, Lawyer",
Marco Fidel Suárez,Marco,Fidel_Suarez,CLM,cu:colombian,ig_landowners,ideology_traditionalist,ig_leader,1855.04.23,,,
Pedro Nel Ospina,Pedro,Nel_Ospina,CLM,cu:colombian,ig_industrialists,ideology_market_liberal,ig_leader,1858.09.18,,,
Miguel Abadía Méndez,Miguel,Abadia_Mendez,CLM,cu:colombian,ig_landowners,ideology_traditionalist,ig_leader,1867.07.05,,,
Karl Ebermaier,Karl,Ebermaier,CMR,cu:german,ig_petty_bourgeoisie,ideology_moderate,ruler,1862.10.02,basic_colonial_administrator; tactful,"Colonial Administrator, Tactful, Lawyer",
Ricardo Jiménez Oreamuno,Ricardo,Jimenez,COS,cu:central_american,ig_petty_bourgeoisie,ideology_republican_leader,ruler; ig_leader,1859.02.06,experienced_political_operator; honorable,"Experienced Political Operator, Honorable, Lawyer",
Mario Garcia Menocal,Mario,Garcia_Menocal,CUB,cu:caribeno,ig_industrialists,ideology_authoritarian,ruler; ig_leader,1866.12.17,engineer; innovative,"Engineer, Innovative",
Ottavio Briccola,Ottavio,Briccola,CYR,cu:italian,ig_armed_forces,ideology_jingoist_leader,ruler,1853.07.28,,,
Alexander Willem Frederik Idenburg,Alexander,Willem_Frederik_Idenburg,DEI,cu:dutch,ig_armed_forces,ideology_traditionalist,ruler,1861.07.23,engineer; pious; basic_colonial_administrator,"Engineer, Soldier, Pious, Colonial Administrator",
Conrad Theodor van Deventer,Conrad,Theodor_van_Deventer,DEI,cu:dutch,ig_intelligentsia,ideology_humanitarian,ig_leader,1857.09.29,,,
Ki Hajar Dewantara,Ki,Hajar_Dewantara,DEI,cu:malay,ig_intelligentsia,ideology_moderate,is_agitator,1889.05.02,,,
Haji Agus Salim,Haji,Agus_Salim,DEI,cu:malay,ig_devout,ideology_traditionalist,is_agitator,1884.10.08,,,
Raden Adipati Aria Danoe Negoro,Raden,Adipati_Aria_Danoe_Negoro,DEI,cu:malay,ig_rural_folk,ideology_traditionalist,ig_leader,1859.03.19,pious; honorable; reserved,,
Charles van der Plas,Charles,van_der_Plas,DEI,cu:dutch,ig_industrialists,ideology_moderate,ig_leader,1891.05.15,master_bureaucrat; tactful,,
Karel van der Heyden,Karel,van_der_Heyden,DEI,cu:dutch,ig_petty_bourgeoisie,ideology_reformer,ig_leader,1870.07.02,brave,,
Abdoel Kadir,Abdoel,Kadir,DEI,cu:malay,ig_devout,ideology_traditionalist,ig_leader,1865.10.08,pious; erudite; traditionalist_commander,,
Hendrikus Colijn,Hendrikus,Colijn,DEI,cu:dutch,ig_armed_forces,ideology_authoritarian,is_general; ig_leader,1869.06.22,tactful; traditionalist_commander,,
Christian X,Christian,Carl_Vilhelm,DEN,cu:danish,ig_petty_bourgeoisie,ideology_royalist,ruler,1870.09.26,imposing; honorable,"Imposing, Honorable",
Carl Theodor Zahle,Carl,Theodor_Zahle,DEN,cu:danish,ig_petty_bourgeoisie,ideology_social_democrat,ig_leader,1866.01.19,,,
Niels Neergaard,Niels,Neergaard,DEN,cu:danish,ig_industrialists,ideology_market_liberal,ig_leader,1854.06.27,,,
Peter Munch,Peter,Munch,DEN,cu:danish,ig_intelligentsia,ideology_social_democrat,ig_leader,1870.04.30,,,
Jens Christian Christensen,Jens,Christian Christensen,DEN,cu:danish,ig_rural_folk,ideology_moderate,ig_leader,1856.11.21,,,
Thorvald Stauning,Thorvald,Stauning,DEN,cu:danish,ig_trade_unions,ideology_social_democrat,ig_leader,1873.10.26,inspirational_orator; charismatic,,
Jakob Knudsen,Jakob,Knudsen,DEN,cu:danish,ig_devout,ideology_theocrat,ig_leader,1858.09.06,pious; erudite,,
Niels Neergaard,Niels,Neergaard,DEN,cu:danish,ig_landowners,ideology_authoritarian,ig_leader,1854.06.27,meticulous; honorable,,
Adrien Bonhoure,Adrien,Bonhoure,DJB,cu:french,ig_petty_bourgeoisie,ideology_moderate,ruler,1860.08.26,experienced_colonial_administrator; basic_political_operator,"Experienced Colonial Administrator, Political Operator, Lawyer",
José Bordas Valdez,Jose,Bordas,DOM,cu:caribeno,ig_petty_bourgeoisie,ideology_authoritarian,ruler,1874.08.06,,,
Leónidas Plaza,Leonidas,Plaza,ECU,cu:ecuadorian,ig_intelligentsia,ideology_radical,ruler; ig_leader,1865.04.18,brave; basic_political_operator,"Brave, Political Operator, Soldier",
Alfredo Baquerizo Moreno,Alfredo,Baquerizo_Moreno,ECU,cu:ecuadorian,ig_intelligentsia,ideology_radical,is_agitator,1859.09.28,,,
José Luis Tamayo,Jose,Luis_Tamayo,ECU,cu:ecuadorian,ig_intelligentsia,ideology_radical,is_agitator,1858.07.29,,,
Francisco Urbina Jado,Francisco,Urbina_Jado,ECU,cu:ecuadorian,ig_trade_unions,ideology_social_democrat,ig_leader,1874.03.05,,,
Luis Napoleón Dillon,Luis,Napoleon_Dillon,ECU,cu:ecuadorian,ig_armed_forces,ideology_authoritarian,ig_leader,1872.12.03,,,
Abbas II,Abbas,Helmy,EGY,cu:albanian,ig_armed_forces,ideology_reformer,ruler; ig_leader,1874.07.14,tactful; charismatic; basic_diplomat,"Tactful, Charismatic, Diplomat",
Hussein Kamel,Hussein,Kamel,EGY,cu:albanian,ig_armed_forces,ideology_reformer,heir,1853.11.21,,,
Saad Zaghloul,Saad,Zaghloul,EGY,cu:arab,ig_landowners,ideology_moderate,ig_leader,1857.07.01,,,
Mohammad Farid,Mohammad,Farid,EGY,cu:arab,ig_intelligentsia,ideology_radical,ig_leader,1868.01.20,,,
Adli Yakan Pasha,Adli,Yakan Pasha,EGY,cu:arab,ig_petty_bourgeoisie,ideology_moderate,ig_leader,1864.01.18,,,
Mustafa Kamil Pasha,Mustafa,Kamil_Pasha,EGY,cu:arab,ig_rural_folk,ideology_ethno_nationalist,ig_leader,1874.08.14,firebrand; charismatic; brave,,
Mohamed Abduh,Mohamed,Abduh,EGY,cu:arab,ig_devout,ideology_theocrat,ig_leader,1849.09.01,pious; erudite; reserved,,
Talaat Harb,Talaat,Harb,EGY,cu:arab,ig_industrialists,ideology_market_liberal,ig_leader,1867.11.25,innovative; master_bureaucrat; ambitious,,
Ahmed Orabi,Ahmed,Orabi,EGY,cu:arab,ig_armed_forces,ideology_jingoist_leader,is_general,1841.04.01,brave; firebrand; traditionalist_commander,,
Mahmoud Fahmy,Mahmoud,Fahmy,EGY,cu:arab,ig_armed_forces,ideology_traditionalist,is_general,1840.06.01,engineer; stalwart_defender; honorable,,
Ismail Fahmi,Ismail,Fahmi,EGY,cu:arab,ig_armed_forces,ideology_moderate,is_admiral,1860.01.01,,,
Carlos Meléndez Ramirez,Carlos,Melendez,ELS,cu:central_american,ig_landowners,ideology_authoritarian,ruler; ig_leader,1861.02.01,expensive_tastes; meticulous,"Expensive Tastes, Meticulous",
Martial Henri Merlin,Martial,Merlin,EQA,cu:french,ig_armed_forces,ideology_moderate,ruler,1860.01.20,,,
Giuseppe Salvago Raggi,Giuseppe,Salvago_Raggi,ERT,cu:italian,ig_petty_bourgeoisie,ideology_moderate,ruler,1866.05.17,experienced_colonial_administrator,,
Menelik II,Menelik,of_Solomon,ETH,cu:cushitic,ig_landowners,ideology_royalist,ruler,1844.08.17,ambitious; cruel,"Ambitious, Cruel",
Askala Maryam Zewditu,Askala,Maryam_Zewditu,ETH,cu:cushitic,ig_landowners,ideology_traditionalist,heir; female,1876.04.29,,,
Lij Iyasu,Lij,Iyasu,ETH,cu:cushitic,ig_industrialists,ideology_market_liberal,ig_leader,1895.02.04,,,
Fitawrari Habte Giyorgis Dinagde,Fitawrari,Habte Giyorgis Dinagde,ETH,cu:cushitic,ig_armed_forces,ideology_jingoist_leader,ig_leader; is_general,1851.06.23,,,
Abuna Matewos,Abuna,Matewos,ETH,cu:cushitic,ig_devout,ideology_traditionalist,ig_leader,1843.02.28,,,
Franz Albert Seyn,Franz,Albert_Seyn,FIN,cu:russian,ig_armed_forces,ideology_ethno_nationalist,ruler; ig_leader,1862.07.27,basic_offensive_planner; wrathful; meticulous,"Offensive Commander, Wrathful, Meticulous ",
Paul Deschanel,Paul,Deschanel,FRA,cu:french,ig_intelligentsia,ideology_republican_leader,is_agitator,1855.02.13,syphilis,Syphilis,
Alexandre Millerand,Alexandre,Millerand,FRA,cu:french,ig_industrialists,ideology_market_liberal,ig_leader,1859.02.10,,,
Gaston Doumergue,Gaston,Doumergue,FRA,cu:french,ig_intelligentsia,ideology_moderate,is_agitator,1863.08.01,,,
Paul Doumer,Paul,Doumer,FRA,cu:french,ig_petty_bourgeoisie,ideology_market_liberal,is_agitator,1857.03.22,,,
Albert Lebrun,Albert,Lebrun,FRA,cu:french,ig_petty_bourgeoisie,ideology_moderate,is_agitator,1871.08.29,,,
Émile Fayolle,Emile,Fayolle,FRA,cu:french,ig_armed_forces,ideology_jingoist_leader,is_general,1852.05.14,,,
Robert Nivelle,Robert,Nivelle,FRA,cu:french,ig_armed_forces,ideology_jingoist_leader,is_general,1856.10.15,,,
Joseph Joffre,Joseph,Joffre,FRA,cu:french,ig_armed_forces,ideology_jingoist_leader,ig_leader; is_general,1852.01.12,,,
Philippe Pétain,Philippe,Petain,FRA,cu:french,ig_armed_forces,ideology_authoritarian,is_general,1856.04.24,expert_defensive_strategist,Expert Defensive Strategist,
Léon Blum,Leon,Blum,FRA,cu:french,ig_trade_unions,ideology_social_democrat,is_agitator,1872.04.09,charismatic; demagogue,"Charismatic, Demagogue",
Charles Mauras,Charles,Mauras,FRA,cu:french,ig_landowners,ideology_royalist,ig_leader,1868.04.20,,,
Aristide Briand,Aristide,Briand,FRA,cu:french,ig_intelligentsia,ideology_moderate,is_agitator,1862.03.28,masterful_diplomat,,
Louis Barthou,Louis,Barthou,FRA,cu:french,ig_industrialists,ideology_market_liberal,is_agitator,1862.08.25,,,
Joseph Caillaux,Joseph,Caillaux,FRA,cu:french,ig_rural_folk,ideology_protectionist,ig_leader,1863.03.30,,,
René Viviani,René,Viviani,FRA,cu:french,ig_trade_unions,ideology_social_democrat,ig_leader,1863.11.08,,,
Georges Clemenceau,Georges,Clemenceau,FRA,cu:french,ig_intelligentsia,ideology_radical,ig_leader,1841.09.28,experienced_political_operator; persistent; direct,,
Jules Guesde,Jules,Guesde,FRA,cu:french,ig_trade_unions,ideology_communist,is_agitator,1845.11.11,,,
Ferdinand Foch,Ferdinand,Foch,FRA,cu:french,ig_armed_forces,ideology_republican_leader,is_general,1851.10.02,expert_offensive_planner; brave; tactful,,
Louis Franchet d'Espèrey,Louis,Franchet_d'Espèrey,FRA,cu:french,ig_armed_forces,ideology_moderate,is_general,1856.05.25,experienced_offensive_planner; charismatic,,
Maurice Sarrail,Maurice,Sarrail,FRA,cu:french,ig_armed_forces,ideology_socialist,is_general,1856.04.06,political_appointee; firebrand; honorable,,
Noel de Castelnau,Noël,de_Castelnau,FRA,cu:french,ig_armed_forces,ideology_jingoist_leader,is_general,1851.10.24,experienced_artillery_commander; cautious,,
Michel Maunoury,Michel,Maunoury,FRA,cu:french,ig_armed_forces,ideology_royalist,is_general,1847.12.17,traditionalist_commander; basic_defensive_strategist,,
Marie Guillaumat,Marie,Guillaumat,FRA,cu:french,ig_armed_forces,ideology_republican_leader,is_general,1863.01.04,stalwart_defender; charismatic,,
Henri Gouraud,Henri,Gouraud,FRA,cu:french,ig_armed_forces,ideology_moderate,is_general,1867.11.17,experienced_colonial_administrator; explorer; brave,,
Charles Mangin,Charles,Mangin,FRA,cu:french,ig_armed_forces,ideology_authoritarian,is_general,1866.07.06,reckless; imperious,,
Augustin Boué de Lapeyrère,Augustin,Boué_de_Lapeyrère,FRA,cu:french,ig_armed_forces,ideology_authoritarian,is_admiral,1852.01.18,experienced_naval_commander; charismatic,,
Emile Guepratte,Émile,Guépratte,FRA,cu:french,ig_armed_forces,ideology_jingoist_leader,is_admiral,1856.08.30,charismatic; brave,,
Lucien Lacaze,Lucien,Lacaze,FRA,cu:french,ig_armed_forces,ideology_traditionalist,is_admiral,1860.06.22,experienced_naval_commander; political_appointee,,
Henri Salaun,Henri,Salaun,FRA,cu:french,ig_armed_forces,ideology_social_democrat,is_admiral,1861.09.14,engineer; master_bureaucrat,,
Marie de_Marliave,Marie,de_Marliave,FRA,cu:french,ig_armed_forces,ideology_market_liberal,is_admiral,1860.05.11,tactful; erudite,,
Paul Campion,Paul,Campion,FRA,cu:french,ig_armed_forces,ideology_moderate,is_admiral,1855.02.07,traditionalist_commander; reserved,,
Louis Dartige du Fournet,Louis,Dartige_du_Fournet,FRA,cu:french,ig_armed_forces,ideology_moderate,is_admiral,1856.03.06,experienced_naval_commander; tactful; honorable,,
Charles Vane-Tempest,Charles,Vane-Tempest,GBR,cu:british,ig_landowners,ideology_traditionalist,ig_leader,1828.07.16,arrogant; honorable,,
Cosmo Gordon Lang,Cosmo,Lang,GBR,cu:british,ig_devout,ideology_theocrat,ig_leader,1864.10.31,pious; charismatic,,
Jesse Collings,Jesse,Collings,GBR,cu:british,ig_rural_folk,ideology_reformer,ig_leader,1831.01.02,direct; persistent,,
H. H. Asquith,Herbert,Asquith,GBR,cu:british,ig_petty_bourgeoisie,ideology_moderate,ig_leader,1852.09.12,firebrand; literary; expert_political_operator,"Firebrand, Literary, Expert Political Operator, Lawyer",
Winston Churchill,Winston,Churchill,GBR,cu:british,ig_armed_forces,ideology_moderate,ig_leader,1874.11.30,charismatic; basic_political_operator,,
Andrew Bonar Law,Andrew,Bonar Law,GBR,cu:british,ig_industrialists,ideology_market_liberal,ig_leader,1858.09.16,direct; experienced_diplomat,,
David Lloyd George,David,Lloyd_George,GBR,cu:british,ig_intelligentsia,ideology_social_democrat,ig_leader,1863.01.17,,,
Keir Hardie,Keir,Hardie,GBR,cu:british,ig_trade_unions,ideology_socialist,ig_leader,1856.08.15,firebrand; inspirational_orator,,
H.G. Wells,Herbert,Wells,GBR,cu:british,ig_intelligentsia,ideology_social_democrat,is_agitator,1866.09.21,innovative; literary,,
Ramsay MacDonald,Ramsay,MacDonald,GBR,cu:british,ig_trade_unions,ideology_social_democrat,is_agitator,1866.10.12,,,
Stanley Baldwin,Stanley,Baldwin,GBR,cu:british,ig_landowners,ideology_reformer,is_agitator,1867.08.03,,,
Edward Carson,Edward,Carson,GBR,cu:irish,ig_trade_unions,ideology_radical,is_agitator,1854.02.09,,,
Arthur Henderson,Arthur,Henderson,GBR,cu:british,ig_trade_unions,ideology_social_democrat,is_agitator,1863.09.13,,,
Neville Chamberlain,Neville,Chamberlain,GBR,cu:british,ig_landowners,ideology_pacifist,is_agitator,1869.03.18,experienced_diplomat,Experienced Diplomat,
Emmeline Pankhurst,Emmeline,Pankhurst,GBR,cu:british,ig_intelligentsia,ideology_feminist,is_agitator; female,1858.07.15,,,
John French,John,French,GBR,cu:british,ig_armed_forces,ideology_authoritarian,is_general,1852.09.28,imperious,,
Douglas Haig,Douglas,Haig,GBR,cu:british,ig_armed_forces,ideology_authoritarian,is_general,1861.06.19,experienced_offensive_planner; charismatic,,
Edmund Allenby,Edmund,Allenby,GBR,cu:british,ig_armed_forces,ideology_jingoist_leader,is_general,1861.04.23,explorer,,
Julian Byng,Julian,Byng,GBR,cu:british,ig_armed_forces,ideology_reformer,is_general,1862.09.11,experienced_offensive_planner; charismatic,,
Henry Rawlinson,Henry,Rawlinson,GBR,cu:british,ig_armed_forces,ideology_authoritarian,is_general,1864.02.20,basic_defensive_strategist; meticulous,,
Herbert Plumer,Herbert,Plumer,GBR,cu:british,ig_armed_forces,ideology_traditionalist,is_general,1857.03.13,stalwart_defender,,
Henry Horne,Henry,Horne,GBR,cu:british,ig_armed_forces,ideology_traditionalist,is_general,1861.02.19,basic_artillery_commander; reserved,,
William Birdwood,William,Birdwood,GBR,cu:british,ig_armed_forces,ideology_reformer,is_general,1865.09.13,inspirational_orator; charismatic,,
Henry Wilson,Henry,Wilson,GBR,cu:british,ig_armed_forces,ideology_authoritarian,is_general,1864.05.05,master_bureaucrat; tactful,,
Stanley Maude,Stanley,Maude,GBR,cu:british,ig_armed_forces,ideology_reformer,is_general,1864.06.24,experienced_offensive_planner; brave,,
John Jellicoe,John,Jellicoe,GBR,cu:british,ig_armed_forces,ideology_traditionalist,is_admiral,1859.12.05,expert_naval_commander; cautious,,
David Beatty,David,Beatty,GBR,cu:british,ig_armed_forces,ideology_jingoist_leader,is_admiral,1871.01.17,experienced_naval_commander; reckless,,
Rosslyn Wemyss,Rosslyn,Wemyss,GBR,cu:british,ig_armed_forces,ideology_reformer,is_admiral,1864.04.12,basic_diplomat; tactful,,
Charles Madden,Charles,Madden,GBR,cu:british,ig_armed_forces,ideology_traditionalist,is_admiral,1862.09.07,experienced_naval_commander; reserved,,
William Goodenough,William,Goodenough,GBR,cu:british,ig_armed_forces,ideology_traditionalist,is_admiral,1867.06.02,experienced_naval_commander; meticulous,,
Reginald Tyrwhitt,Reginald,Tyrwhitt,GBR,cu:british,ig_armed_forces,ideology_reformer,is_admiral,1870.05.10,convoy_raider_commander; brave,,
Cecil Burney,Cecil,Burney,GBR,cu:british,ig_armed_forces,ideology_traditionalist,is_admiral,1858.05.15,expert_naval_commander; imperious,,
Reginald Bacon,Reginald,Bacon,GBR,cu:british,ig_armed_forces,ideology_traditionalist,is_admiral,1863.08.06,engineer; master_bureaucrat,,
Henry Oliver,Henry,Oliver,GBR,cu:british,ig_armed_forces,ideology_reformer,is_admiral,1865.01.22,master_bureaucrat; tactful,,
Frederick Sturdee,Frederick,Sturdee,GBR,cu:british,ig_armed_forces,ideology_traditionalist,is_admiral,1859.06.09,experienced_naval_commander; brave,,
Elard von Oldenburg-Januschau,Elard,von_Oldenburg-Januschau,GER,cu:german,ig_landowners,ideology_authoritarian,ig_leader,1855.03.20,,,
Peter Joseph Spahn,Peter,Joseph_Spahn,GER,cu:german,ig_devout,ideology_moderate,ig_leader,1846.05.22,,,
Gustav Roesicke,Gustav,Roesicke,GER,cu:german,ig_rural_folk,ideology_land_reformer,ig_leader,1856.07.15,,,
Helmuth Johannes Von Moltke,Helmut,Johannes_Von_Moltke,GER,cu:german,ig_armed_forces,ideology_jingoist_leader,ig_leader; is_general,1848.05.25,expert_offensive_planner; reserved; cautious,,
Paul von_Hindenburg,Paul,von_Hindenburg,GER,cu:german,ig_armed_forces,ideology_royalist,is_general,1847.10.02,stalwart_defender; cautious; honorable,,
Erich von_Falkenhayn,Erich,von_Falkenhayn,GER,cu:german,ig_armed_forces,ideology_moderate,is_general,1861.09.11,experienced_defensive_strategist; tactful; traditionalist_commander,,
Erich Ludendorff,Erich,Ludendorff,GER,cu:german,ig_armed_forces,ideology_jingoist_leader,is_general,1865.04.09,expert_offensive_planner; experienced_artillery_commander; imperious; wrathful,,
August von_Mackensen,August,von_Mackensen,GER,cu:german,ig_armed_forces,ideology_jingoist_leader,is_general,1849.12.06,experienced_offensive_planner; brave; charismatic,,
Maximilian von_Gallwitz,Maximilian,von_Gallwitz,GER,cu:german,ig_armed_forces,ideology_traditionalist,is_general,1852.05.02,experienced_artillery_commander; meticulous; reserved,,
Oskar von Hutier,Oskar,von_Hutier,GER,cu:german,ig_armed_forces,ideology_jingoist_leader,is_general,1857.08.27,innovative; experienced_offensive_planner,,
Fritz von_Below,Fritz,von_Below,GER,cu:german,ig_armed_forces,ideology_traditionalist,is_general,1853.09.23,trench_rat; traditionalist_commander; cautious,,
Otto_von_Below,Otto,von_Below,GER,cu:german,ig_armed_forces,ideology_republican_paternalistic,is_general,1857.01.18,expert_offensive_planner; tactful; honorable,,
Georg von_der_Marwitz,Georg,von_der_Marwitz,GER,cu:german,ig_armed_forces,ideology_royalist,is_general,1856.07.07,reserved; experienced_defensive_strategist; charismatic,,
Kurt von_Schleicher,Kurt,von_Schleicher,GER,cu:german,ig_armed_forces,ideology_jingoist_leader,is_general,1882.04.07,political_appointee; master_bureaucrat; ambitious,,
Hans_von_Seeckt,Hans,von_Seeckt,GER,cu:german,ig_armed_forces,ideology_moderate,is_general,1866.04.22,innovative; erudite,,
Reinhard Scheer,Reinhard,Scheer,GER,cu:german,ig_armed_forces,ideology_royalist,is_admiral,1863.09.30,experienced_naval_commander; brave; imperious,,
Franz von_Hipper,Franz,von_Hipper,GER,cu:german,ig_armed_forces,ideology_jingoist_leader,is_admiral,1863.09.13,experienced_naval_commander; tactful; charismatic,,
Hugo von_Pohl,Hugo,von_Pohl,GER,cu:german,ig_armed_forces,ideology_traditionalist,is_admiral,1855.09.25,traditionalist_commander; cautious; experienced_diplomat,,
Eduard von_Capelle,Eduard,von_Capelle,GER,cu:german,ig_armed_forces,ideology_traditionalist,is_admiral,1855.10.10,engineer; master_bureaucrat; experienced_diplomat,,
Maximilian_von_Speé,Maximilian,von_Spee,GER,cu:german,ig_armed_forces,ideology_reformer,is_admiral,1861.06.22,explorer; charismatic; popular_commander,,
Theobald von Bethmann Hollweg,Theobald,von_Bethmann-Hollweg,GER,cu:german,ig_petty_bourgeoisie,ideology_moderate,ig_leader,1856.11.29,experienced_political_operator; cautious,"Experienced Political Operator, Lawyer, Soldier Cautious",
Gustav Stresemann,Gustav,Stresemann,GER,cu:german,ig_industrialists,ideology_market_liberal,ig_leader,1878.05.10,,,
Walther Rathenau,Walther,Rathenau,GER,cu:german,ig_industrialists,ideology_market_liberal,ig_leader,1867.09.29,,,
Friedrich Ebert,Friedrich,Ebert,GER,cu:german,ig_trade_unions,ideology_social_democrat,ig_leader,1871.02.04,,,
Philipp Scheidemann,Philipp,Scheidemann,GER,cu:german,ig_intelligentsia,ideology_social_democrat,ig_leader,1865.07.26,,,
Paul Levi,Paul,Levi,GER,cu:german,ig_trade_unions,ideology_communist,is_agitator,1883.03.11,,,
Hugh Clifford,Hugh,Clifford,GHA,cu:british,ig_petty_bourgeoisie,ideology_moderate,ruler,1866.03.05,honorable; experienced_colonial_administrator; erudite,"Honrable, Experienced Colonial Administrator, Erudite",
Zhuang Yunkuan,Zhuang,Yunkuan,GNG,cu:han,ig_intelligentsia,ideology_reformer,ruler,1866.1.1,erudite; direct; innovative; basic_political_operator,,
Lu Rongting,Lu,Rongting,GNG,cu:han,ig_armed_forces,ideology_republican_leader,ig_leader; is_general,1859.8.13,direct; brave; forest_commander; bandit,,
Konstantinos Tis Elladas,Konstantinos,Tis_Elladas,GRE,cu:greek,ig_petty_bourgeoisie,ideology_royalist,ruler; is_general,1868.08.02,experienced_offensive_planner; ambitious; reckless,"Experienced Offensive Commander, Ambitious, Reckless",
Aléxandros Tis Elladas,Alexandros,Tis_Elladas,GRE,cu:greek,ig_petty_bourgeoisie,ideology_royalist,heir,1893.08.01,,,
Eleftherios Venizelos,Eleftherios,Venizelos,GRE,cu:greek,ig_petty_bourgeoisie,ideology_social_democrat,ig_leader,1864.08.23,experienced_diplomat; charismatic; ambitious,"Lawyer, Experienced Diplomat, Charismatic, Ambitious",
Georgios Theotokis,Georgios,Theotokis,GRE,cu:greek,ig_industrialists,ideology_traditionalist,ig_leader,1844.03.01,traditionalist_commander; reserved,,
Ioannis Metaxas,Ioannis,Metaxas,GRE,cu:greek,ig_landowners,ideology_authoritarian,ig_leader,1871.04.12,traditionalist_commander; cautious,,
Gennadios Chrysostomos,Gennadios,Chrysostomos,GRE,cu:greek,ig_devout,ideology_traditionalist,ig_leader,1867.04.10,pious; honorable,,
Konstantinos Damianos,Konstantinos,Damianos,GRE,cu:greek,ig_armed_forces,ideology_moderate,ig_leader; is_general,1853.11.21,brave,,
Konstantinos Sapountzakis,Konstantinos,Sapountzakis,GRE,cu:greek,ig_armed_forces,ideology_traditionalist,is_general,1846.04.01,traditionalist_commander; cautious,,
Panagiotis Danglis,Panagiotis,Danglis,GRE,cu:greek,ig_armed_forces,ideology_moderate,is_general,1853.11.17,engineer; innovative,,
Ioannis Metaxas,Ioannis,Metaxas,GRE,cu:greek,ig_armed_forces,ideology_authoritarian,is_general,1871.04.12,experienced_defensive_strategist; master_bureaucrat,,
Manuel Estrada Cabrera,Manuel,Estrada_Cabrera,GUA,cu:central_american,ig_industrialists,ideology_authoritarian,ruler,1857.11.21,brave; cruel; expensive_tastes,"Brave, Cruel, Lawyer, Expensive Tastes",
Sun Daoren,Sun,Daoren,GUI,cu:han,ig_armed_forces,ideology_radical,ruler,1865.1.1,cautious; tactful,,
Michel Oreste,Michel,Oreste,HAI,cu:afro_antillean,ig_landowners,ideology_moderate,ruler; ig_leader,1859.04.08,,,
Tan Yankai,Tan,Yankai,HNA,cu:han,ig_intelligentsia,ideology_reformer,ruler,1880.1.25,erudite; reserved; honorable; experienced_political_operator,,
Francisco Bertrand,Francisco,Bertrand,HON,cu:central_american,ig_petty_bourgeoisie,ideology_reformer,ruler; ig_leader,1866.10.09,,,
Albert-Pierre Sarraut,Albert,Sarraut,ICH,cu:french,ig_trade_unions,ideology_radical,ruler; ig_leader,1872.07.28,basic_political_operator; experienced_colonial_administrator,"Political Operator, Experienced Colonial Administrator",
Umberto Nicola Di Savoia,Umberto,Nicola_di_Savoia,ITA,cu:italian,ig_petty_bourgeoisie,ideology_moderate,heir,1904.09.15,,,
Giovanni Giolitti,Giovanni,Giolitti,ITA,cu:italian,ig_intelligentsia,ideology_republican_leader,ig_leader,1842.10.27,expert_political_operator; master_bureaucrat; tactful,"Expert Political Operator, Master Bureaucrat, Tactful, Flexible",
Luigi Facta,Luigi,Facta,ITA,cu:italian,ig_rural_folk,ideology_royalist,ig_leader,1861.11.16,,,
Gabriele D'Annunzio,Gabriele,Annunzio,ITA,cu:italian,ig_petty_bourgeoisie,ideology_fascist,is_agitator,1863.03.12,,,
Antonio Salandra,Antonio,Salandra,ITA,cu:italian,ig_landowners,ideology_royalist,ig_leader,1853.08.13,,,
Enrico Corradini,Enrico,Corradini,ITA,cu:italian,ig_petty_bourgeoisie,ideology_fascist,is_agitator,1865.07.20,,,
Filippo Turati,Filippo,Turati,ITA,cu:italian,ig_trade_unions,ideology_social_democrat,ig_leader,1857.11.26,,,
Francesco Saverio Nitti,Francesco,Saverio_Nitti,ITA,cu:italian,ig_industrialists,ideology_market_liberal,ig_leader,1868.07.19,,,
Antonio Francesco Gramsci,Antonio,Francesco_Gramsci,ITA,cu:italian,ig_trade_unions,ideology_communist,is_agitator,1891.01.22,,,
Raffaele Rossi,Raffaele,Rossi,ITA,cu:italian,ig_devout,ideology_traditionalist,ig_leader,1876.10.28,pious; honorable; traditionalist_commander,,
Luigi Luzzatti,Luigi,Luzzatti,ITA,cu:italian,ig_petty_bourgeoisie,ideology_moderate,ig_leader,1841.03.11,master_bureaucrat; experienced_political_operator; cautious,,
Luidgi Cardona ,Luidgi,Cardona,ITA,cu:italian,ig_armed_forces,ideology_jingoist_leader,ig_leader; is_general,1850.09.04,cruel,Cruel,
Cesare Maria De Vecchi,Cesare,Maria_de_Vecchi,ITA,cu:italian,ig_armed_forces,ideology_fascist,is_general,1884.11.14,,,
Pietro Badoglio,Pietro,Badoglio,ITA,cu:italian,ig_armed_forces,ideology_republican_leader,is_general,1871.09.28,,,
Armando Diaz,Armando,Diaz,ITA,cu:italian,ig_armed_forces,ideology_republican_leader,is_general,1861.12.05,expert_defensive_strategist; honorable; charismatic,,
Luigi Capello,Luigi,Capello,ITA,cu:italian,ig_armed_forces,ideology_republican_leader,is_general,1859.04.14,experienced_offensive_planner; innovative; ambitious,,
Alberico Albricci,Alberico,Albricci,ITA,cu:italian,ig_armed_forces,ideology_moderate,is_general,1864.12.06,; master_bureaucrat; honorable,,
Guglielmo Pecori Garibabldi,Guglielmo,Pecori_Giraldi,ITA,cu:italian,ig_armed_forces,ideology_traditionalist,is_general,1856.05.18,traditionalist_commander; cautious; reserved,,
Emanuele Filiberto,Emanuele,Filiberto,ITA,cu:italian,ig_armed_forces,ideology_royalist,is_general,1869.07.13,popular_commander; charismatic; brave,,
Giovanni Villani,Giovanni,Villani,ITA,cu:italian,ig_armed_forces,ideology_moderate,is_general,1864.10.23,experienced_defensive_strategist; tactful; honorable,,
Paolo Thaon di Revel,Paolo,Thaon_di_Revel,ITA,cu:italian,ig_armed_forces,ideology_moderate,is_admiral,1859.06.10,experienced_naval_commander; master_bureaucrat; charismatic,,
Camillo Corsi,Camillo,Corsi,ITA,cu:italian,ig_armed_forces,ideology_traditionalist,is_admiral,1852.03.12,traditionalist_commander; cautious; reserved,,
Luigi Amedeo,Luigi,Amedeo,ITA,cu:italian,ig_armed_forces,ideology_royalist,is_admiral,1873.01.29,explorer; charismatic; brave,,
Enrico Millo,Enrico,Millo,ITA,cu:italian,ig_armed_forces,ideology_moderate,is_admiral,1865.02.12,engineer; experienced_naval_commander; tactful,,
Saud bin Abdulaziz Al Rashid,Saud,al_Rashid,JAB,cu:arab,ig_landowners,ideology_royalist,ruler,1898.01.01,,,
Saionji Kinmochi,Saionji,Kinmochi,JAP,cu:japanese,ig_industrialists,ideology_reformer,ig_leader,1849.12.07,basic_political_operator; innovative,"Political operator, Innovative",
Yamamoto Gonnohyōe,Yamamoto,Gonnohyoe,JAP,cu:japanese,ig_armed_forces,ideology_moderate,ig_leader,1852.11.26,experienced_naval_commander; basic_political_operator; brave; expensive_tastes,"Experienced Naval Commander, Political Operator, Brave, Expensive Tastes",
Inukai Tsuyoshi,Inukai,Tsuyoshi,JAP,cu:japanese,ig_intelligentsia,ideology_liberal_leader,ig_leader,1855.06.04,cautious; experienced_political_operator,"Cautious, Experienced Political Operator",
Sakuzō Yoshino,Sakuzo,Yoshino,JAP,cu:japanese,ig_trade_unions,ideology_social_democrat,ig_leader,1878.01.29,erudite; inspirational_orator,"Erudite, Inspirational Orator",
Kaiten Nukariya,Kaiten,Nukariya,JAP,cu:japanese,ig_devout,ideology_royalist,ig_leader,1867.12.26,pious;romantic,"Pious, Romantic",
Oura Kanetake,Oura,Kanetake,JAP,cu:japanese,ig_rural_folk,ideology_royalist,ig_leader,1850.06.15,honorable,Honorable,
Matsukata Masayoshi,Matsukata,Masayoshi,JAP,cu:japanese,ig_petty_bourgeoisie,ideology_royalist,ig_leader,1835.02.25,meticulous; experienced_artillery_commander,"Meticulous, Experienced Artillery Commander",
Katsura Tarō,Katsura,Taro,JAP,cu:japanese,ig_landowners,ideology_authoritarian,ig_leader,1848.01.04,expert_political_operator; imposing,"Expert Political Operator, Imposing",
Sakai Toshihiko,Sakai,Toshihiko,JAP,cu:japanese,ig_intelligentsia,ideology_social_democrat,is_agitator,1871.01.15,erudite,,
Kotoku Shusui,Kōtoku,Shūsui,JAP,cu:japanese,ig_trade_unions,ideology_social_democrat,is_agitator,1871.11.04,inspirational_orator,,
Kanno Sugako,Kanno,Sugako,JAP,cu:japanese,ig_trade_unions,ideology_social_democrat,is_agitator,1881.12.17,inspirational_orator,,
Hideki Tōjō,Hideki,Tojo,JAP,cu:japanese,ig_armed_forces,ideology_fascist,is_general,1884.12.30,,,
Oka Ichinosuke,Oka,Ichinosuke,JAP,cu:japanese,ig_armed_forces,ideology_moderate,is_general,1858.04.18,traditionalist_commander; brave,,
Uehara Yusaka,Uehara,Yusaku,JAP,cu:japanese,ig_armed_forces,ideology_reformer,is_general,1856.12.06,engineer; innovative,,
Kawakami Soroku,Kawakami,Soroku,JAP,cu:japanese,ig_armed_forces,ideology_authoritarian,is_general,1848.11.03,traditionalist_commander; stalwart_defender,,
Yui Mitsue,Yui,Mitsue,JAP,cu:japanese,ig_armed_forces,ideology_moderate,is_general,1860.10.04,experienced_offensive_planner; reserved,,
Tanaka Giichi,Tanaka,Giichi,JAP,cu:japanese,ig_armed_forces,ideology_authoritarian,is_general,1864.06.22,brave; charismatic,,
Kanaya Hanzo,Kanaya,Hanzo,JAP,cu:japanese,ig_armed_forces,ideology_traditionalist,is_general,1866.01.02,traditionalist_commander; cautious,,
Togo Heihachiro,Togo,Heihachiro,JAP,cu:japanese,ig_armed_forces,ideology_royalist,is_admiral,1848.01.27,expert_naval_commander; brave,,
Enomoto Takeaki,Enomoto,Takeaki,JAP,cu:japanese,ig_armed_forces,ideology_reformer,is_admiral,1836.10.05,engineer; experienced_diplomat; erudite,,
Yamashita Gentaro,Yamashita,Gentarō,JAP,cu:japanese,ig_armed_forces,ideology_traditionalist,is_admiral,1852.03.13,experienced_naval_commander; cautious,,
Saito Makoto,Saito,Makoto,JAP,cu:japanese,ig_armed_forces,ideology_moderate,is_admiral,1858.10.27,popular_commander; experienced_diplomat,,
Kato Tomosaburo,Kato,Tomosaburo,JAP,cu:japanese,ig_armed_forces,ideology_reformer,is_admiral,1861.02.22,master_bureaucrat; experienced_naval_commander,,
Li_Liejun,Li,Liejun,JXI,cu:han,ig_armed_forces,ideology_radical,ruler,1882.2.23,direct; brave; basic_artillery_commander; experienced_defensive_strategist,,
Henry Conway Belfield,Henry,Belfield,KEN,cu:british,ig_petty_bourgeoisie,ideology_moderate,ruler; ig_leader,1855.11.29,experienced_colonial_administrator,"Experienced Colonial Administrator, Lawyer",
Isfandiyar Khan,Isfandiyar,Khan,KHI,cu:steppe_turk,ig_landowners,ideology_traditionalist,ruler,1871.01.01,basic_defensive_strategist; pious; persistent,"Defensive Commander, Pious, Persistent",
Li Liejun,Li,Liejun,KMT,cu:han,ig_armed_forces,ideology_moderate,is_general,,,,
Félix Fuchs,Felix,Fuchs,KON,cu:belgian,ig_petty_bourgeoisie,ideology_reformer,ruler,1858.01.25,experienced_colonial_administrator; cautious,"Experienced Colonial Administrator, Cautious, Lawyer",
Terauchi Masatake,Terauchi,Masatake,KOR,cu:japanese,ig_armed_forces,ideology_jingoist_leader,ruler,1852.02.05,expert_artillery_commander; imposing; meticulous,"Expert Artillery Commander, Imposing, Meticulous",
Daniel Edward Howard,Daniel,Edward_Howard,LIB,cu:afro_american,ig_landowners,ideology_protectionist,ruler; ig_leader,1861.08.04,reserved; expensive_tastes; basic_political_operator,"Reserved, Expensive Tastes, Political Operator",
Paul Eyschen,Paul,Eyschen,LUX,cu:german,ig_petty_bourgeoisie,ideology_social_democrat,ruler,1841.09.09,imperious; charismatic; expert_political_operator,"Imperious, Charismatic, Expert Political Operator, Lawyer",
Marie-Adélaïde,Marie-Adelaide,Therese_Hilda_Wilhelmine,LUX,cu:german,ig_landowners,ideology_humanitarian,ruler; ig_leader; female,1894.06.14,pious; honorable; charismatic,"Pious, Honorable, Charismatic",
Albert Jean George Marie Louis Picquié,Albert,Picquie,MAD,cu:french,ig_armed_forces,ideology_moderate,ruler; ig_leader,1853.09.01,,,
Zhang Zuolin,Zhang,Zuolin,MCH,cu:manchu,ig_armed_forces,ideology_jingoist_leader,ruler; is_general,1875.03.19,,,
Jose Venustiano Carranza Garza,Jose,Venustiano Garza,RMX,cu:mexican,ig_intelligentsia,ideology_liberal_leader,ruler; is_general,1859.12.29,cautious,Cautious,
Alvaro Obregon,Alvaro,Obregon,RMX,cu:mexican,ig_armed_forces,ideology_liberal_leader,ig_leader; is_general,1880.02.19,,,
Francisco Villa,Francisco,Pancho_Villa,RMX,cu:mexican,ig_trade_unions,ideology_land_reformer,ig_leader; is_general,1878.06.05,,,
Emiliano Zapata,Emiliano,Zapata,RMX,cu:mexican,ig_rural_folk,ideology_land_reformer,ig_leader; is_general,1879.08.08,reckless; ambitious,"Reckless, Ambitious",
Victoriano Huerta,Victoriano,Huerta,MEX,cu:mexican,ig_armed_forces,ideology_authoritarian,ruler,1850.12.23,ambitious; imposing; cruel; experienced_offensive_planner; engineer,"Ambitious, Imposing, Cruel, Experienced Offensive Planner, Engineer",
Álvaro Obregón,Alvaro,Obregon,MEX,cu:mexican,ig_industrialists,ideology_republican_leader,ig_leader,1880.02.17,,,
Plutarco Elías Calles,Plutarco,Calles,MEX,cu:mexican,ig_trade_unions,ideology_social_democrat,is_agitator,1877.09.25,,,
Félix Díaz,Felix,Diaz,MEX,cu:mexican,ig_landowners,ideology_authoritarian,ig_leader,1868.02.17,,,
Luis N. Morones,Luis,Morones,MEX,cu:mexican,ig_trade_unions,ideology_social_democrat,is_agitator,1890.5.24,,,
José Vasconcelos,Jose,Vasconcelos,MEX,cu:mexican,ig_petty_bourgeoisie,ideology_ethno_nationalist,is_agitator,1882.02.28,literary,Literary,
Bogd Khan,Bogd,Khan,MGL,cu:tibetan,ig_devout,ideology_traditionalist,ruler,1869.01.01,pious; tactful,"Pious, Tactful",
Edward Lewis Brockman,Edward,Lewis_Brockman,MLA,cu:british,ig_armed_forces,ideology_moderate,ruler,1865.06.29,master_bureaucrat; experienced_colonial_administrator,"Master Bureaucrat, Experienced Colonial Administrator, Soldier",
Nikola I,Nikola,Petrovic Njegos,MON,cu:yugoslav,ig_landowners,ideology_authoritarian,ruler,1841.10.07,brave; imperious; mountain_commander; basic_diplomat,"Brave, Imperious, mountain_commander, Diplomat",
Janko Vukotić,Janko,Vukotic,MON,cu:yugoslav,ig_landowners,ideology_authoritarian,ig_leader; is_general,1866.02.18,,,
Yusef,Yussef,ben_Hassan,MOR,cu:maghrebi,ig_landowners,ideology_reformer,ruler,1882.01.01,cautious; charismatic,"Cautious, Charismatic",
Sidi,Sidi,Muhammad_ben_Yussef,MOR,cu:maghrebi,ig_petty_bourgeoisie,ideology_reformer,heir,1909.08.10,reckless; charismatic,"Reckless, Charismatic",
Theodor Seitz,Theodor,Seitz,NAM,cu:german,ig_petty_bourgeoisie,ideology_moderate,ruler,1863.09.12,experienced_colonial_administrator; cruel; bigoted,"Experienced Colonial Administrator, Cruel, Bigoted, Lawyer",
Cecil William Chase Parr,Cecil,Parr,NBO,cu:british,ig_petty_bourgeoisie,ideology_moderate,ruler,1871.12.04,basic_colonial_administrator; persistent,"Colonial Administrator, Persistent, Soldier",
Ibn Saud,Abdulaziz,bin_Saud,NEJ,cu:arab,ig_landowners,ideology_jingoist_leader,ruler,1875.01.15,brave; honorable; experienced_offensive_planner,"Brave, Honorable, Experienced Offensive Planner",
Tribhuvan Bir Bikram Shah,Tribhuvan,Shah_Dev,NEP,cu:north_indian,ig_landowners,ideology_reformer,ruler; ig_leader,1906.06.30,trait_child,trait_child,
Chandra Shumsher Rana,Chandra,Bahadur_Rana,NEP,cu:north_indian,ig_landowners,ideology_authoritarian,ig_leader,1863.07.08,ambitious; wrathful; honorable; basic_political_operator,"Ambitious, Wrathful, Honorable, Political Operator",
Wilhelmina Helena Maria,Helena,Maria_Wilhelmina,NET,cu:dutch,ig_petty_bourgeoisie,ideology_moderate,ruler; female,1880.08.31,tactful; charismatic; direct,"Tactful, Charismatic, Direct",
Juliana Marie Wilhelmina,Juliania,Maria_Wilhelmina,NET,cu:dutch,ig_petty_bourgeoisie,ideology_moderate,heir; female,1909.04.30,,,
Theo Heemskerk,Theo,Heemskerk,NET,cu:dutch,ig_petty_bourgeoisie,ideology_royalist,ig_leader,1852.07.20,persistent; experienced_political_operator,"Persistent, Lawyer, Experienced Political Operator",
Willem Pieter,Willem,Pieter,NET,cu:dutch,ig_rural_folk,ideology_traditionalist,ig_leader,1860.02.17,reserved; honorable; traditionalist_commander,,
Ferdinand Dommer van Poldersveldt,Ferdinand,Dommer_van_Poldersveldt,NET,cu:dutch,ig_landowners,ideology_royalist,ig_leader,1858.06.03,imperious; imposing,,
Hendrikus Colijn,Hendrikus,Colijn,NET,cu:dutch,ig_industrialists,ideology_market_liberal,ig_leader,1869.06.22,master_bureaucrat; tactful; experienced_political_operator,,
Willem Hubert Nolens,Willem,Hubert_Nolens,NET,cu:dutch,ig_devout,ideology_papal_paternalistic,ig_leader,1860.09.07,pious; charismatic; inspirational_orator,,
Edward Morris,Edward,Morris,NEW,cu:anglo_canadian,ig_petty_bourgeoisie,ideology_social_democrat,ruler; ig_leader,1859.05.08,expert_political_operator; pious,"Expert Political Operator, Pious, Lawyer",
Frederick Lugard,Frederick,Lugard,NGA,cu:british,ig_armed_forces,ideology_moderate,ruler; ig_leader,1858.01.22,expert_colonial_administrator; explorer; direct,"Expert Colonial Administrator, Soldier, Explorer, Direct",
Albert Hahl,Albert,Hahl,NGG,cu:german,ig_petty_bourgeoisie,ideology_reformer,ruler,1868.09.10,experienced_colonial_administrator; pious,"Experienced Colonial Administrator, Pious, Lawyer",
Adolfo Díaz,Adolfo,Diaz,NIC,cu:central_american,ig_industrialists,ideology_authoritarian,ruler,1875.07.15,tactful; basic_diplomat; grifter,"Tactful, Diplomat, Grifter",
Haakon VII,Carl,Haakon,NOR,cu:danish,ig_landowners,ideology_moderate,ruler,1872.08.03,charismatic,"Charismatic, Flexible, Soldier",
Gunnar Knudsen,Gunnar,Knudsen,NOR,cu:norwegian,ig_industrialists,ideology_corporatist_leader,ig_leader,1848.09.19,engineer; basic_political_operator,"Engineer, Political Operator",
Oscar Torps,Oscar,Torps,NOR,cu:norwegian,ig_trade_unions,ideology_social_democrat,ig_leader,1893.06.06,inspirational_orator; charismatic,,
Christian Michelsen,Christian,Michelsen,NOR,cu:norwegian,ig_industrialists,ideology_market_liberal,ig_leader,1857.03.15,innovative; experienced_diplomat,,
Johan Christian Heuch,Johan,Christian_Heuch,NOR,cu:norwegian,ig_devout,ideology_theocrat,ig_leader,1838.03.12,pious; traditionalist_commander,,
Francis Hagerup,Francis,Hagerup,NOR,cu:norwegian,ig_petty_bourgeoisie,ideology_authoritarian,ig_leader,1853.01.22,meticulous; honorable,,
William Massey,William,Massey,NZL,cu:british,ig_rural_folk,ideology_market_liberal,ruler; ig_leader,1856.03.26,expert_political_operator; tactful; inspirational_orator,"Expert Political Operator, Tactful, Inspirational Orator",
Faisal,Faisal,bin_Turki,OMA,cu:arab,ig_landowners,ideology_traditionalist,ruler,1864.06.08,innovative,"Timid, Innovative",
Ahmad Shah Qajar,Ahmad,Qajar,PER,cu:persian,ig_landowners,ideology_reformer,ruler,1898.01.21,,,
Mirza Kuchik Khan,Mirza,Kuchik_Khan,PER,cu:persian,ig_trade_unions,ideology_vanguardist,ig_leader,1880.10.12,reckless,Reckless,
Abdol-Hossein Teymourtash,Abdol-Hossein,Teymourtash,PER,cu:persian,ig_petty_bourgeoisie,ideology_reformer,ig_leader,1883.01.01,master_bureaucrat; honorable; tactful,,
Mostowfi ol-Mamalek,Mostowfi,ol-Mamalek,PER,cu:persian,ig_rural_folk,ideology_moderate,ig_leader,1871.01.01,erudite; traditionalist_commander,,
Mirza Ali-Asghar_Khan,Mirza,Ali-Asghar_Khan,PER,cu:persian,ig_devout,ideology_theocrat,ig_leader,1858.04.01,pious; reserved; cautious,,
Ahmad Qavam,Ahmad,Qavam,PER,cu:persian,ig_industrialists,ideology_market_liberal,ig_leader,1876.01.02,innovative; engineer; experienced_political_operator,,
Sayyed Zia al-Din Tabataba'i,Sayyed,Zia al-Din Tabataba'i,PER,cu:persian,ig_intelligentsia,ideology_reformer,ig_leader,1888.06.05,,,
Mohammad Taqi_Khan_Pesian,Mohammad,Taqi_Khan_Pesian,PER,cu:persian,ig_armed_forces,ideology_reformer,is_general,1892.10.16,charismatic; experienced_diplomat; ambitious,,
Guillermo Billinghurst,Guillermo,Billinghurst,PEU,cu:peruvian,ig_intelligentsia,ideology_social_democrat,ruler,1851.07.27,basic_diplomat; experienced_political_operator; brave; charismatic,"Diplomat, Experienced Political Operator, Brave, Charismatic",
Óscar Raymundo Benavides Larrea,Oscar,Benavides_Larrea,PEU,cu:peruvian,ig_armed_forces,ideology_traditionalist,ig_leader,1876.03.15,,,
José Pardo y Barreda,Jose,Barreda,PEU,cu:peruvian,ig_petty_bourgeoisie,ideology_reformer,ig_leader,1864.02.24,,,
Augusto B. Leguía,Augusto,Leguia,PEU,cu:peruvian,ig_intelligentsia,ideology_liberal_leader,ig_leader,1863.02.19,,,
Manuel González Prada,Manuel,Prada,PEU,cu:peruvian,ig_intelligentsia,ideology_anarchist,is_agitator,1844.01.05,literary,Literary,
Víctor Raúl Haya de la Torre,Victor,Haya_de_la_Torre,PEU,cu:peruvian,ig_trade_unions,ideology_social_democrat,ig_leader,1895.02.22,,,
Belisario Porras Barahona,Belisario,Porras_Barahona,PNM,cu:central_american,ig_petty_bourgeoisie,ideology_market_liberal,ruler,1856.12.28,honorable; persistent,"Honorable, Persistent, Lawyer, Soldier",
Manuel de Arriaga,Manuel,de_Arriaga,POR,cu:portuguese,ig_intelligentsia,ideology_republican_leader,ruler,1840.07.08,erudite; experienced_political_operator; meticulous,"Lawyer, Erudite,  Experienced Politician, Meticulous",
Joaquim Teófilo Fernandes Braga,Joaquim,Teofilo_Fernandes_Braga,POR,cu:portuguese,ig_intelligentsia,ideology_republican_leader,ig_leader,1843.02.24,,,
Afonso Costa,Afonso,Costa,POR,cu:portuguese,ig_intelligentsia,ideology_republican_leader,is_agitator,1871.03.06,experienced_political_operator; demagogue; charismatic,,
Antonio José_de_Almeida,António,José_de_Almeida,POR,cu:portuguese,ig_petty_bourgeoisie,ideology_republican_leader,ig_leader,1866.07.27,inspirational_orator; experienced_diplomat; honorable,,
José Relvas,José,Relvas,POR,cu:portuguese,ig_rural_folk,ideology_moderate,ig_leader,1858.03.05,traditionalist_commander; pious; tactful,,
Manuel de_Arriaga,Manuel,de_Arriaga,POR,cu:portuguese,ig_devout,ideology_moderate,ig_leader,1840.07.08,pious; romantic; honorable,,
Alfredo Costa,Alfredo,Costa,POR,cu:portuguese,ig_industrialists,ideology_market_liberal,ig_leader,1872.10.6,master_bureaucrat; experienced_political_operator,,
Jose Celestino da Silva,José,Celestino_da_Silva,POR,cu:portuguese,ig_armed_forces,ideology_traditionalist,is_general,1845.12.04,traditionalist_commander; experienced_colonial_administrator; cautious,,
Antonio Óscar de Fragoso Carmona,António,Óscar_de_Fragoso_Carmona,POR,cu:portuguese,ig_armed_forces,ideology_authoritarian,is_general,1869.11.24,basic_offensive_planner; imperious; brave,,
Carlos Viegas Gago Coutinho,Carlos,Viegas_Gago_Coutinho,POR,cu:portuguese,ig_armed_forces,ideology_republican_leader,is_admiral,1869.02.17,explorer; engineer; experienced_naval_commander,,
Americo Tomas,Américo,Tomás,POR,cu:portuguese,ig_armed_forces,ideology_traditionalist,is_admiral,1894.11.19,engineer; traditionalist_commander; cautious,,
Eduardo Schaerer,Eduardo,Schaerer,PRG,cu:swiss,ig_petty_bourgeoisie,ideology_market_liberal,ruler; ig_leader,1873.12.02,experienced_political_operator; tactful; innovative,"Experienced Political Operator, Tactful, Innovative",
William Henry Milton,William,Henry_Milton,RHO,cu:british,ig_industrialists,ideology_moderate,ruler,1854.12.03,imposing; inspirational_orator; explorer,"Imposing, Inspirational Orator, Explorer",
Titu Maiorescu,Titu,Maiorescu,ROM,cu:romanian,ig_petty_bourgeoisie,ideology_traditionalist,is_agitator,1840.02.15,experienced_diplomat; erudite; bigoted; tactful,"Experienced Diplomat, Erudite, Bigoted, Tactful",
Take Ionescu,Take,Ionescu,ROM,cu:romanian,ig_intelligentsia,ideology_radical,ig_leader,1858.10.25,experienced_political_operator,,
Ion Brătianu,Ion,Brătianu,ROM,cu:romanian,ig_industrialists,ideology_moderate,ig_leader,1864.08.20,,,
Petre Carp,Petre,Carp,ROM,cu:romanian,ig_landowners,ideology_traditionalist,ig_leader,1837.06.29,traditionalist_commander,,
Alexandru Averescu,Alexandru,Averescu,ROM,cu:romanian,ig_armed_forces,ideology_authoritarian,ig_leader,1859.03.09,,,
Nicolae Iorga,Nicolae,Iorga,ROM,cu:romanian,ig_petty_bourgeoisie,ideology_reformer,is_general,1871.06.17,imposing,,
Constantin Prezan,Constantin,Prezan,ROM,cu:romanian,ig_armed_forces,ideology_traditionalist,is_general,1861.01.27,experienced_defensive_strategist,,
Ion Dragalian,Ion,Dragalina,ROM,cu:romanian,ig_armed_forces,ideology_ethno_nationalist,is_general,1860.12.16,experienced_offensive_planner,,
Eremia Grigorescu,Eremia,Grigorescu,ROM,cu:romanian,ig_armed_forces,ideology_republican_leader,is_general,1863.11.28,,,
Charles I,Carol,von_Hohenzollern-Sigmaringen,ROM,cu:german,ig_petty_bourgeoisie,ideology_reformer,ruler; ig_leader,1839.04.20,meticulous; honorable; Reserved; experienced_offensive_planner; basic_political_operator,"Meticulous, Honorable, Reserved, Experienced Offensive Planner, Political Operator",
Ferdinand Viktor Albert Meinrad,Ferdinand,Viktor_Albert_Meinrad,ROM,cu:german,ig_petty_bourgeoisie,ideology_reformer,heir,1865.08.24,,,
Charles Brooke,Charles,Brooke,ROS,cu:british,ig_landowners,ideology_reformer,ruler,1829.06.03,reserved; romantic; master_bureaucrat,"Reserved, Romantic, Master Bureaucrat, Sailor",
Mikhail Vladimirovich Rodzianko,Mikhail ,Vladimirovich Rodzianko,RUS,cu:russian,ig_landowners,ideology_royalist,ig_leader,1859.02.21,,,
Vladimir Kokovtsov,Vladimir,Kokovtsov,RUS,cu:russian,ig_landowners,ideology_protectionist,ig_leader,1853.04.18,,,
Felix Yusupov,Felix,Yusupov,RUS,cu:russian,ig_landowners,ideology_reformer,is_agitator,1887.03.24,,,
Nicholas Nikolaevich,Nicholas ,Nikolaevich,RUS,cu:russian,ig_armed_forces,ideology_authoritarian,ig_leader,1856.11.18,bigoted; imposing,"Bigoted, Imposing",
Vladimir Bogoyavlensky,Vladimir,Bogoyavlensky,RUS,cu:russian,ig_devout,ideology_traditionalist,ig_leader,1848.01.1,,,
Alexander Kerensky,Alexander,Kerensky,RUS,cu:russian,ig_rural_folk,ideology_social_democrat,ig_leader,1881.05.4,,,
Viktor Mikhailovich Chernov,Viktor,Mikhailovich Chernov,RUS,cu:russian,ig_rural_folk,ideology_land_reformer,is_agitator,1873.12.7,,,
Pavel Ryabushinsky,Pavel,Ryabushinsky,RUS,cu:russian,ig_industrialists,ideology_market_liberal,ig_leader,1871.06.17,,,
Maxim Gorky,Maxim,Gorky,RUS,cu:russian,ig_intelligentsia,ideology_social_democrat,ig_leader,1868.03.28,literary,Literary,
Peter Kropotkin,Peter,Kropotkin,RUS,cu:russian,ig_intelligentsia,ideology_anarchist,is_agitator,1842.12.9,,,
Pavel Milyukov,Pavel,Milyukov,RUS,cu:russian,ig_petty_bourgeoisie,ideology_republican_leader,ig_leader,1859.01.27,,,
Mikhail Tukhachevsky,Mikhail,Tukhachevsky,RUS,cu:russian,ig_trade_unions,ideology_communist,is_agitator,1893.02.16,reckless; charismatic,,
Aleksei Alekseyevich Brusilov,Alexei,Brusilov,RUS,cu:russian,ig_armed_forces,ideology_moderate,is_general,1853.08.31,expert_offensive_planner; honorable; ,"""Expert Offensive Planner""",
Lavr Kornilov,Lavr,Kornilov,RUS,cu:russian,ig_armed_forces,ideology_authoritarian,is_general,1870.08.30,reckless; charismatic; brave,,
Pyotr Wrangel,Pyotr,Wrangel,RUS,cu:russian,ig_armed_forces,ideology_royalist,is_general,1878.08.27,ambitious; experienced_offensive_planner; charismatic,,
Mikhail Alekseyev,Mikhail,Alekseyev,RUS,cu:russian,ig_armed_forces,ideology_moderate,is_general,1857.11.03,master_bureaucrat; tactful; experienced_defensive_strategist,,
Nikolai Iudovich_Ivanov,Nikolai,Iudovich_Ivanov,RUS,cu:russian,ig_armed_forces,ideology_traditionalist,is_general,1851.07.22,traditionalist_commander; cautious; honorable,,
Nikolai Yudenich,Nikolai,Yudenich,RUS,cu:russian,ig_armed_forces,ideology_royalist,is_general,1862.07.30,experienced_offensive_planner; meticulous; brave,,
Vasily Gurko,Vasily,Gurko,RUS,cu:russian,ig_armed_forces,ideology_moderate,is_general,1864.10.20,; honorable; tactful,,
Alexander Kolchak,Alexander,Kolchak,RUS,cu:russian,ig_armed_forces,ideology_ethno_nationalist,is_admiral,1874.11.16,explorer; expert_naval_commander; ambitious,,
Nikolai Esson,Nikolai,Esson,RUS,cu:russian,ig_armed_forces,ideology_traditionalist,is_admiral,1857.06.13,traditionalist_commander; experienced_naval_commander,,
Lev Haller,Lev,Haller,RUS,cu:russian,ig_armed_forces,ideology_royalist,is_admiral,1873.08.14,convoy_raider_commander; brave; popular_commander,,
Louis Botha,Louis,Botha,SAF,cu:boer,ig_rural_folk,ideology_market_liberal,ruler,1862.09.27,brave; honorable; basic_diplomat,"Brave, Honorable Diplomat, Soldier",
James Hertzog,James,Hertzog,SAF,cu:boer,ig_rural_folk,ideology_traditionalist,ig_leader,1866.04.03,pious; reserved,,
Solomon Plaatje,Solomon,Plaatje,SAF,cu:sotho,ig_petty_bourgeoisie,ideology_reformer,ig_leader,1876.10.09,erudite; brave,,
John Merriman,John,Merriman,SAF,cu:british,ig_industrialists,ideology_market_liberal,ig_leader,1841.03.15,tactful; experienced_political_operator; traditionalist_commander,,
Abdurahman Abdullah,Abdurahman,Abdullah,SAF,cu:coloured,ig_devout,ideology_traditionalist,ig_leader,1872.12.18,pious; honorable; reserved,,
Jan Smuts,Jan,Smuts,SAF,cu:boer,ig_armed_forces,ideology_reformer,is_general,1870.05.24,master_bureaucrat; charismatic,,
Ahmad al-Sharif al-Senussi,Ahmad,Al-Sharif_Al-Senussi,SEN,cu:arab,ig_devout,ideology_traditionalist,ruler; ig_leader; is_general,1873-12-08,expert_defensive_strategist,,
Aleksandar I Karadordevic,Aleksandar,Karadordevic,SER,cu:yugoslav,ig_petty_bourgeoisie,ideology_humanitarian_royalist,heir,1888.12.16,,,
Nikola Pašić,Nikola,Pasic,SER,cu:yugoslav,ig_trade_unions,ideology_radical,ig_leader,1845.12.18,expert_political_operator; ambitious; direct; engineer,"Expert Political Operator, Ambitious, Direct, Engineer",
Lazar Paču,Lazar,Paču,SER,cu:yugoslav,ig_industrialists,ideology_market_liberal,ig_leader,1855.03.01,master_bureaucrat,,
Živojin Dačić,Živojin,Dačić,SER,cu:yugoslav,ig_rural_folk,ideology_traditionalist,ig_leader,1860.06.17,pious; honorable,,
Dimitrije Marinković,Dimitrije,Marinković,SER,cu:yugoslav,ig_devout,ideology_traditionalist,ig_leader,1859.02.10,pious; traditionalist_commander,,
Radomir Putnik,Radomir,Putnik,SER,cu:yugoslav,ig_armed_forces,ideology_authoritarian,ig_leader; is_general,1847.01.24,meticulous,,
Stepa Stepanović,Stepa,Stepanović,SER,cu:yugoslav,ig_armed_forces,ideology_traditionalist,is_general,1856.03.11,stalwart_defender; brave,,
Živojin Mišić,Živojin,Mišić,SER,cu:yugoslav,ig_armed_forces,ideology_royalist,is_general,1855.07.19,experienced_offensive_planner; charismatic,,
Petar Bojović,Petar,Bojović,SER,cu:yugoslav,ig_armed_forces,ideology_moderate,is_general,1858.07.16,honorable,,
Yan Xishan,Yan,Xishan,SHN,cu:han,ig_rural_folk,ideology_reformer,ruler; is_general,1883.10.08,,,
Yan Xishan,Yan,Xishan,SHN,cu:han,ig_armed_forces,ideology_protectionist,ruler,1883.10.8,cautious; tactful; innovative; basic_defensive_strategist; basic_artillery_commander; experienced_diplomat,,
Vajiravudh,Rama,Vajiravudh,SIA,cu:thai,ig_petty_bourgeoisie,ideology_reformer,ruler,1881.01.01,expert_political_operator; tactful; ambitious,"Expert Political Operator, Tactful, Ambitious, Lawyer",
Charoen Intakornchai,Charoen,Intakornchai,SIA,cu:thai,ig_industrialists,ideology_moderate,ig_leader,1868.11.14,engineer; tactful; traditionalist_commander,,
Phra Narai,Phra,Narai,SIA,cu:thai,ig_rural_folk,ideology_traditionalist,ig_leader,1860.01.10,pious; reserved; honorable,,
Wachirayan Worawong,Wachirayan,Worawong,SIA,cu:thai,ig_devout,ideology_traditionalist,ig_leader,1860.08.27,pious; erudite,,
Praya Srisundaravong,Praya,Srisundaravong,SIA,cu:thai,ig_petty_bourgeoisie,ideology_reformer,ig_leader,1865.04.21,,,
Chakrabongse Bhuvanath,Chakrabongse,Bhuvanath,SIA,cu:thai,ig_armed_forces,ideology_royalist,is_general,1883.03.03,imposing,,
Yin Changheng,Yin,Changdeng,SIH,cu:han,ig_armed_forces,ideology_radical,ruler,1884.7.11,erudite; imposing; brave; popular_commander,,
Edward Merewether,Edward,Merewether,SIL,cu:british,ig_petty_bourgeoisie,ideology_royalist,ruler; ig_leader,1858.09.09,,,
Horace Archer Byatt,Horace,Byatt,SLD,cu:british,ig_petty_bourgeoisie,ideology_humanitarian,ruler; ig_leader,1875.03.22,experienced_colonial_administrator; honorable; cautious,"Experienced Colonial Administrator, Honorable, Cautious",
Giacomo De Martino,Giacomo,de_Martino,SMA,cu:italian,ig_landowners,ideology_royalist,ruler,1849.09.21,basic_political_operator; experienced_colonial_administrator; persistent; explorer,"Political Operator, Experienced Colonial Administrator, Persistent, Explorer",
Alfonso León Fernando de Borbón,Alfonso,Leon_Fernando_de_Borbon,SPA,cu:spanish,ig_petty_bourgeoisie,ideology_royalist,ruler,1886.05.17,tactful; reckless; hedonist,"Tactful, Reckless, Hedonist",
Juan Carlos Teresa de Borbón,Juan,Carlos_Teresa_de_Borbon,SPA,cu:spanish,ig_petty_bourgeoisie,ideology_royalist,heir,1913.06.20,,,
Count Álvaro de Figueroa,Alvaro,de_Fugueroa,SPA,cu:spanish,ig_landowners,ideology_republican_leader,ig_leader,1863.08.09,experienced_political_operator; pious; honorable,"Disabled, Lawyer, Experienced Political Operator, Pious, Honorable",
Miguel Primo de Rivera,Miguel,Primo_de_Rivera,SPA,cu:spanish,ig_armed_forces,ideology_authoritarian,ig_leader,1870.01.08,,,
Niceto Alcalá-Zamora,Niceto,Alcala_Zamora,SPA,cu:spanish,ig_intelligentsia,ideology_moderate,ig_leader,1877.07.06,,,
Manuel Azaña,Manuel,Azana,SPA,cu:spanish,ig_intelligentsia,ideology_land_reformer,ig_leader,1880.01.10,,,
Largo Caballero,Largo,Caballero,SPA,cu:spanish,ig_trade_unions,ideology_social_democrat,ig_leader,1869.10.15,,,
Eduardo Dato,Eduardo,Dato,SPA,cu:spanish,ig_petty_bourgeoisie,ideology_royalist,ig_leader,1856.08.12,imperious; experienced_political_operator; honorable,,
Manuel Garci Prieto,Manuel,García_Prieto,SPA,cu:spanish,ig_industrialists,ideology_market_liberal,ig_leader,1859.11.05,master_bureaucrat; tactful; experienced_diplomat,,
Alejandro Lerrous,Alejandro,Lerroux,SPA,cu:spanish,ig_rural_folk,ideology_republican_leader,ig_leader,1864.03.04,firebrand; charismatic; demagogue,,
Jose Melquíades Álvarez,José,Melquíades_Álvarez,SPA,cu:spanish,ig_devout,ideology_moderate,ig_leader,1864.05.17,pious; inspirational_orator; honorable,,
José Antonio Primo de Rivera,Jose,Antonio_Primo_de_Rivera,SPA,cu:spanish,ig_petty_bourgeoisie,ideology_caudillismo,is_agitator,1903.04.24,,,
José Sanjurjo,Jose,Sanjurjo,SPA,cu:spanish,ig_armed_forces,ideology_caudillismo,is_general,1872.03.28,,,
Francisco Franco,Fransisco,Franco,SPA,cu:spanish,ig_armed_forces,ideology_caudillismo,is_general,1892.12.04,,,
Emilio Mola,Emilio,Mola,SPA,cu:spanish,ig_armed_forces,ideology_caudillismo,is_general,1887.07.09,,,
Jose Marina,José,Marina_Vega,ESP,cu:castilian,ig_armed_forces,ideology_traditionalist,is_general,1850.04.13,traditionalist_commander; honorable,,
Augustin de Luque y Coca,Agustín,de_Luque_y_Coca,ESP,cu:andalusian,ig_armed_forces,ideology_authoritarian,is_general,1850.10.01,master_bureaucrat; tactful; experienced_political_operator,,
Felipe Alfau Mendoza,Felipe,Alfau_Mendoza,ESP,cu:castilian,ig_armed_forces,ideology_royalist,is_general,1845.01.01,traditionalist_commander; cautious; honorable,,
Juan Bautista Topete,Juan,Bautista_Topete,ESP,cu:castilian,ig_armed_forces,ideology_traditionalist,is_admiral,1821.05.24,experienced_naval_commander; imperious; stalwart_defender,,
Francis Reginald Wingate,Reginald,Wingate,SUD,cu:british,ig_armed_forces,ideology_moderate,ruler,1861.06.25,charismatic; expert_offensive_planner; basic_colonial_administrator,"Charismatic, Expert Offensive Planner, Colonial Administrator",
Gustaf V,Oscar,Gustaf_Adolf,SWE,cu:swedish,ig_petty_bourgeoisie,ideology_royalist,ruler,1858.06.16,charismatic,"Charismatic, Flexible",
Oscar Fredrik Wilhelm Olaf Gustaf Adolf,Oscar,Fredrik_Olaf_Adolf,SWE,cu:swedish,ig_intelligentsia,ideology_radical,heir,1882.11.11,erudite,,
Karl Staaff,Karl,Albert_Staaff,SWE,cu:swedish,ig_petty_bourgeoisie,ideology_market_liberal,ig_leader,1860.01.21,ambitious; persistent; experienced_political_operator,"Ambitious, Persistent, Lawyer, Experienced Political Operator",
Erik Gustaf Boström,Erik,Gustaf_Boström,SWE,cu:swedish,ig_rural_folk,ideology_traditionalist,ig_leader,1842.02.11,traditionalist_commander; honorable,,
Hjalmar Branting,Hjalmar,Branting,SWE,cu:swedish,ig_trade_unions,ideology_social_democrat,ig_leader,1860.11.23,inspirational_orator; erudite,,
Knut Wallenberg,Knut,Wallenberg,SWE,cu:swedish,ig_industrialists,ideology_market_liberal,ig_leader,1853.05.19,master_bureaucrat; tactful,,
Manfred Björkquist,Manfred,Björkquist,SWE,cu:swedish,ig_devout,ideology_theocrat,ig_leader,1884.06.22,pious; erudite,,
Ernst Trygger,Ernst,Trygger,SWE,cu:swedish,ig_landowners,ideology_authoritarian,ig_leader,1857.10.27,meticulous; traditionalist_commander,,
Robert Thorne Coryndon,Robert,Throne_Coryndon,SWZ,cu:british,ig_petty_bourgeoisie,ideology_moderate,ruler; ig_leader,1870.04.02,basic_colonial_administrator; tactful; persistent,"Colonial Administrator, Lawyer, Tactful, Persistent",
Sobhuza II,Sobhuza,Nkhotfotjeni,SWZ,cu:southern_bantu,ig_landowners,ideology_authoritarian,ruler,1899.07.22,trait_child; charismatic,"trait_child, Charismatic",
Eduard Müller,Eduard,Muller,SWI,cu:swiss,ig_rural_folk,ideology_liberal_leader,ruler; ig_leader,1848.11.12,,,
Heinrich Schnee,Heinrich,Schnee,TAN,cu:german,ig_armed_forces,ideology_moderate,ruler,1871.02.04,basic_colonial_administrator; grifter; pillager,"Colonial Administrator, Grifter, Pillager, Lawyer",
Paul von Lettow-Vorbeck,Paul,von_Lettow-Vorbeck,TAN,cu:german,ig_armed_forces,ideology_royalist,is_general,1870.03.20,expert_defensive_strategist; surveyor,,
Thubten Gyatso,Thubten,Gyatso,TIB,cu:tibetan,ig_devout,ideology_reformer,ruler,1876.02.12,pious; ambitious; basic_political_operator,"Pious, Ambitious, Political Operator",
Adolf Friedrich of Mecklenburg,Adolf_Friedrich,von_Mecklenburg-Schwerin,TOG,cu:german,ig_landowners,ideology_jingoist_leader,ruler,1873.10.10,explorer; bigoted; experienced_artillery_commander,"Explorer, Bigoted, Experienced Artillery Commander",
Vincenzo Garioni,Vincenzo,Garioni,TRI,cu:italian,ig_armed_forces,ideology_jingoist_leader,ruler,1856.11.19,direct; brave; experienced_artillery_commander,"Direct, Brave, Experienced Artillery Commander",
Khama III,Khama ,ruler,TSW,cu:southern_bantu,ig_rural_folk,ideology_reformer,ruler,1837.01.01,innovative; charismatic; wrathful,"Innovative, Charismatic, Wrathful",
Muhammad V an-Nasir,Muhammad,an-Nasir,TUN,cu:maghrebi,ig_landowners,ideology_moderate,ruler,1885.07.14,persistent; honorable,"Persistent, Honorable",
Gabriel Alapetite,Gabriel,Alapetite,TUN,cu:french,ig_petty_bourgeoisie,ideology_republican_leader,is_general,1854.05.01,experienced_colonial_administrator; bigoted; basic_diplomat,"Experienced Colonial Administrator, Bigoted, Diplomat, Lawyer",
Mehmed-i Sadis,Mehmed-i,Sadis,TUR,cu:turkish,ig_petty_bourgeoisie,ideology_modernizer_leader,heir,1861.01.14,,,
Enver Pasha,Enver,Pasha,TUR,cu:turkish,ig_armed_forces,ideology_ethno_nationalist,ig_leader; is_general,1881.11.22,ambitious; charismatic; experienced_offensive_planner,,
Talat Pasha,Talat,Pasha,TUR,cu:turkish,ig_petty_bourgeoisie,ideology_ethno_nationalist,ig_leader,1874.09.01,,,
Ahmed Djemal Pacha,Ahmed,Djemal_Pacha,TUR,cu:turkish,ig_landowners,ideology_ethno_nationalist,ig_leader; is_general,1872.06.05,cruel; experienced_offensive_planner,,
Fethi Okyar,Fethi,Okyar,TUR,cu:turkish,ig_intelligentsia,ideology_republican_leader,ig_leader,1880.04.29,experienced_diplomat,Experienced Diplomat,
Said Halil,Said,Halil,TUR,cu:turkish,ig_devout,ideology_theocrat,is_agitator,1864.05.12,traditionalist_commander; pious; reserved,,
Ahmed El-Fendi,Ahmed,El-Fendi,TUR,cu:turkish,ig_petty_bourgeoisie,ideology_traditionalist,is_agitator,1868.11.02,tactful; honorable,,
Mehmed Cavid,Mehmed,Cavid,TUR,cu:turkish,ig_industrialists,ideology_market_liberal,ig_leader,1875.01.01,engineer; master_bureaucrat; innovative,,
Abdullad Abdurrahman,Abdullah,Abdurrahman,TUR,cu:turkish,ig_rural_folk,ideology_traditionalist,ig_leader,1859.08.23,reserved; cautious,,
Halide Edib Adivar,Halide,Edib_Adivar,TUR,cu:turkish,ig_intelligentsia,ideology_feminist,is_agitator; female,1884.06.11,,,
Kazim Karabekir,Kazim,Karabekir,TUR,cu:turkish,ig_armed_forces,ideology_republican_leader,is_general,1882.06.25,,,
Mahmud Muhtar Pasha,Mahmud,Muhtar_Pasha,TUR,cu:turkish,ig_armed_forces,ideology_jingoist_leader,is_general,1867.09.01,brave; experienced_offensive_planner,,
Ali Riza Pasha,Ali,Riza_Pasha,TUR,cu:turkish,ig_armed_forces,ideology_traditionalist,is_general,1859.04.17,traditionalist_commander; imperious; meticulous,,
Ismet Inonu,Ismet,Inonu,TUR,cu:turkish,ig_intelligentsia,ideology_republican_leader,is_general,1884.09.24,,,
Tashin Pasha,Tahsin,Pasha,TUR,cu:turkish,ig_armed_forces,ideology_traditionalist,is_admiral,1859.06.10,experienced_naval_commander; cautious; honorable,,
Huseyin Rauf Orbay,Hüseyin,Rauf_Orbay,TUR,cu:turkish,ig_armed_forces,ideology_reformer,is_admiral,1881.07.27,convoy_raider_commander; charismatic; explorer,,
Mehmet Âkif Ersoy,Mehmet,Akif_Ersoy,TUR,cu:turkish,ig_petty_bourgeoisie,ideology_traditionalist,is_agitator,1873.12.20,literary; pious,,
Mehmed Said Halim Pasha,Mehmed,Said_Halim_Pasha,TUR,cu:turkish,ig_devout,ideology_ethno_nationalist,ig_leader,1865.01.28,literary; cruel,,
Yusuf Akcura,Yusuf,Akcura,TUR,cu:turkish,ig_petty_bourgeoisie,ideology_ethno_nationalist,is_agitator,1876.12.02,ambitious; charismatic,,
Mehmet Ziya Gökalp,Mehmet,Ziya_Gokalp,TUR,cu:turkish,ig_intelligentsia,ideology_ethno_nationalist,is_agitator,1876.03.23,erudite,,
José Batlle y Ordóñez,Jose,Battle_y_Ordonez,URU,cu:uruguayan,ig_petty_bourgeoisie,ideology_social_democrat,ruler; ig_leader,1856.05.23,charismatic; honorable; expert_political_operator,"Charismatic, Honorable, Expert Political Operator",
Eugene Victor Debs,Eugene,Victor_Debs,USA,cu:euro_american,ig_trade_unions,ideology_social_democrat,is_agitator,1855.11.05,persistent,Persistent,
Samuel Gompers,Samuel,Gompers,USA,cu:euro_american,ig_trade_unions,ideology_social_democrat,ig_leader,1850.01.27,,,
Booker Taliaferro Washington,Booker,Taliaferro_Washington,USA,cu:afro_american,ig_intelligentsia,ideology_humanitarian,is_agitator,1856.04.05,inspirational_orator; cautious,"Inspirational Orator, Cautious",
William Edward Du Bois,William,Edward_du_Bois,USA,cu:afro_american,ig_intelligentsia,ideology_humanitarian,is_agitator,1868.02.23,erudite,Erudite,
Alice Paul,Alice,Paul,USA,cu:euro_american,ig_intelligentsia,ideology_feminist,is_agitator; female,1885.01.11,persistent,Persistent,
Billy Sunday,Billy,Sunday,USA,cu:euro_american,ig_devout,ideology_traditionalist,ig_leader,1862.11.19,,,
John Davidson Rockefeller,John,Dadvidson_Rockefeller,USA,cu:euro_american,ig_industrialists,ideology_market_liberal,is_agitator,1839.07.08,ambitious; pious,"Ambitious, Pious",
Mary Harris Jones,Mary,Harris_Jones,USA,cu:euro_american,ig_trade_unions,ideology_social_democrat,is_agitator; female,1837.04.23,persistent; reckless,"Persistent, Reckless",
Charles Evans Hughes,Charles,Evans_Hughes,USA,cu:euro_american,ig_industrialists,ideology_moderate,ig_leader,1862.04.11,experienced_diplomat; cautious; honorable,"Experienced Diplomat, Cautious, Honorable",
Leonard Wood,Leonard,Wood,USA,cu:euro_american,ig_armed_forces,ideology_rooseveltian_progressivism,ig_leader,1860.10.09,explorer; experienced_colonial_administrator; brave; charismatic,,
James K. Vardaman,James,Kimble_Vardaman,USA,cu:euro_american,ig_landowners,ideology_ethno_nationalist,ig_leader,1861.07.26,,,
William Jennings Bryan,William,Jennings_Bryan,USA,cu:euro_american,ig_rural_folk,ideology_protectionist,ig_leader,1860.03.19,,,
John Dewey,John,Dewey,USA,cu:euro_american,ig_intelligentsia,ideology_wilsonian_progressivism,is_agitator,1859.10.20,,,
Charles William Eliot,Charles,William_Eliot,USA,cu:euro_american,ig_petty_bourgeoisie,ideology_rooseveltian_progressivism,is_agitator,1834.03.20,,Erudite,
Thomas Woodrow Wilson,Thomas,Woodrow_Wilson,USA,cu:euro_american,ig_petty_bourgeoisie,ideology_wilsonian_progressivism,ruler; ig_leader,1856.12.28,master_bureaucrat; masterful_diplomat; literary,"Master Bureaucrat, Masterful Diplomat, Literary",
John Joseph Pershing,John,Joseph_Pershing,USA,cu:euro_american,ig_armed_forces,ideology_jingoist_leader,is_general,1860.09.13,experienced_offensive_planner,,
Peyton Conway March,Peyton,Conway_March,USA,cu:euro_american,ig_armed_forces,ideology_rooseveltian_progressivism,is_general,1864.12.27,innovative; master_bureaucrat; experienced_offensive_planner; experienced_diplomat,,
Hugh Lenox Scott,Hugh,Lenox_Scott,USA,cu:euro_american,ig_armed_forces,ideology_pacifist,is_general,1853.09.22,experienced_diplomat; traditionalist_commander; honorable; reserved,,
Tasker Howard Bliss,Tasker,Howard_Bliss,USA,cu:euro_american,ig_armed_forces,ideology_rooseveltian_progressivism,is_general,1853.12.31,master_bureaucrat; experienced_defensive_strategist; erudite,,
Hunter Liggett,Hunter,Liggett,USA,cu:euro_american,ig_armed_forces,ideology_moderate,is_general,1857.03.21,stalwart_defender; brave; traditionalist_commander,,
Robert Lee Bullard,Robert,Lee_Bullard,USA,cu:euro_american,ig_armed_forces,ideology_traditionalist,is_general,1861.01.05,imperious; brave; traditionalist_commander,,
Joseph Theodore Dickman,Joseph,Theodore_Dickman,USA,cu:euro_american,ig_armed_forces,ideology_moderate,is_general,1857.10.06,experienced_defensive_strategist; experienced_diplomat; honorable,,
James Guthrie Harbord,James,Guthrie_Harbord,USA,cu:euro_american,ig_armed_forces,ideology_rooseveltian_progressivism,is_general,1866.03.21,master_bureaucrat; experienced_diplomat; charismatic,,
Charles Pelot Summerall,Charles,Pelot_Summerall,USA,cu:euro_american,ig_armed_forces,ideology_traditionalist,is_general,1867.03.04,basic_offensive_planner; imperious; brave,,
William Shepherd Benson,William,Shepherd_Benson,USA,cu:euro_american,ig_armed_forces,ideology_traditionalist,is_admiral,1855.09.25,master_bureaucrat; experienced_diplomat; erudite,,
Frank Friday Fletcher,Frank,Friday_Fletcher,USA,cu:euro_american,ig_armed_forces,ideology_jingoist_leader,is_admiral,1855.11.23,brave; charismatic; experienced_naval_commander; popular_commander,,
Henry Braid Wilson,Henry,Braid_Wilson,USA,cu:euro_american,ig_armed_forces,ideology_moderate,is_admiral,1861.02.23,basic_naval_commander; charismatic; popular_commander,,
Austin Melvin Knight,Austin,Melvin_Knight,USA,cu:euro_american,ig_armed_forces,ideology_traditionalist,is_admiral,1854.12.16,erudite; experienced_diplomat; traditionalist_commander; experienced_naval_commander,,
Julius Augustus Furer,Julius,Augustus_Furer,USA,cu:euro_american,ig_armed_forces,ideology_rooseveltian_progressivism,is_admiral,1880.10.09,innovative; engineer; master_bureaucrat,,
Percy Wright Foote,Percy,Wright_Foote,USA,cu:euro_american,ig_armed_forces,ideology_rooseveltian_progressivism,is_admiral,1879.08.13,brave; charismatic; popular_commander,,
William Cameron Forbes,William,Cameron_Forbes,PHI,cu:euro_american,ig_petty_bourgeoisie,ideology_moderate,ruler,1870.05.21,,,
Juan Vicente Gómez,Juan,Vicente_Gomez,VNZ,cu:venezuelan,ig_armed_forces,ideology_authoritarian,ruler; ig_leader,1857.07.24,cruel; Imposing; expensive_tastes,"Cruel, Imposing, Expensive Tastes",
Juan Bautista Pérez,Juan,Bautista_Perez,VNZ,cu:venezuelan,ig_armed_forces,ideology_authoritarian,ig_leader,1869.12.20,,,
Román Delgado Chalbaud,Roman,Delgado_Chalbaud,VNZ,cu:venezuelan,ig_armed_forces,ideology_reformer,is_agitator,1882.4.12,,,
José Rafael Pocaterra,Jose,Rafael_Pocaterra,VNZ,cu:venezuelan,ig_intelligentsia,ideology_liberal_leader,is_agitator,1889.12.18,literary,Literary,
Rufino Blanco Fombona,Rufino,Blanco_Fombona,VNZ,cu:venezuelan,ig_intelligentsia,ideology_liberal_leader,is_agitator,1874.7.17,literary,Literary,
William Merlaud-Ponty,William,Merlaud-Ponty,WAF,cu:french,ig_petty_bourgeoisie,ideology_moderate,ruler,1866.02.04,experienced_colonial_administrator; basic_political_operator,"Experienced Colonial Administrator, Political Operator, Soldier",
Bickham Sweet-Escott,Bickham,Sweet-Escott,WPT,cu:british,ig_intelligentsia,ideology_moderate,ruler,1857.08.22,tactful; experienced_colonial_administrator; erudite,"Tactful, Experienced Colonial Administrator, Erudite",
Yang Zengxin,Yang,Zengxin,XIN,cu:han,ig_landowners,ideology_traditionalist,ruler,1864.3.6,tactful; innovative; expert_political_operator; experienced_diplomat,,
Chen Jiongming,Chen,Jiongming,YUE,cu:han,ig_intelligentsia,ideology_radical,ruler,1878.1.13,persistent; meticulous; charismatic; experienced_political_operator,,
Li Dongzhen,Li,Dongzhen,YUE,cu:yue,ig_armed_forces,ideology_authoritarian,ruler; is_general,1890.08.13,,,
Cai_E,Cai,E,YUN,cu:han,ig_armed_forces,ideology_reformer,ruler,1882.12.8,cautious; brave; innovative; popular_commander; expert_offensive_planner; sickly,,
Tang_Jiyao,Tang,Jiyao,YUN,cu:han,ig_petty_bourgeoisie,ideology_reformer,ig_leader; is_general,1883.8.14,ambitious; imperious; innovative; basic_offensive_planner; mountain_commander,,
Lawrence Aubrey Wallace,Lawrence,Aubrey_Wallace,ZAM,cu:british,ig_petty_bourgeoisie,ideology_moderate,ruler,1857.02.02,,,
Feng Guozhang,Feng,Guozhang,ZHI,cu:han,ig_landowners,ideology_traditionalist,ruler,1859.01.07,,,