Country,Tag,Governance,Power Distribution,Citizenship,Religion,Bureaucracy,Army,Internal Security,Economic System,Trade,Taxation,Land Reform,Colonization,Police,Education,Healthcare,Speech,Labor Rights,Children's Rights,Women's Rights,Welfare,Migration,Slavery,Centralization
Aden Protectorate,YEM,law_monarchy,law_autocracy,law_racial_segregation,law_state_religion,law_hereditary_bureaucrats,law_peasant_levies,law_no_home_affairs,law_traditionalism,law_mercantilism,law_land_based_taxation,law_tenant_farmers,law_no_colonial_affairs,law_local_police,law_religious_schools,law_no_health_system,law_censorship,law_no_workers_rights,law_child_labor_allowed,law_no_womens_rights,law_no_social_security,law_no_migration_controls,law_slavery_banned,law_unitary
Afghanistan,AFG,law_monarchy,law_autocracy,law_racial_segregation,law_state_religion,law_hereditary_bureaucrats,law_peasant_levies,law_no_home_affairs,law_traditionalism,law_mercantilism,law_land_based_taxation,law_tenant_farmers,law_no_colonial_affairs,law_no_police,law_religious_schools,law_no_health_system,law_censorship,law_no_workers_rights,law_child_labor_allowed,law_no_womens_rights,law_no_social_security,law_no_migration_controls,law_slavery_banned,law_confederated
Albania,ALB,law_monarchy,law_wealth_voting,law_racial_segregation,law_freedom_of_conscience,law_appointed_bureaucrats,law_mass_conscription,law_national_guard,law_interventionism,law_mercantilism,law_per_capita_based_taxation,law_tenant_farmers,law_no_colonial_affairs,law_local_police,law_public_schools,law_charitable_health_system,law_right_of_assembly,law_no_workers_rights,law_compulsory_primary_school,law_women_own_property,law_no_social_security,law_no_migration_controls,law_slavery_banned,law_federated
Angola,ANG,law_presidential_republic,law_autocracy,law_racial_segregation,law_freedom_of_conscience,law_appointed_bureaucrats,law_professional_army,law_national_guard,law_extraction_economy,law_mercantilism,law_per_capita_based_taxation,law_tenant_farmers,law_no_colonial_affairs,law_local_police,law_religious_schools,law_charitable_health_system,law_censorship,law_no_workers_rights,law_child_labor_allowed,law_women_own_property,law_no_social_security,law_no_migration_controls,law_slavery_banned,law_unitary
Argentina,ARG,law_presidential_republic,law_census_voting,law_cultural_exclusion,law_freedom_of_conscience,law_appointed_bureaucrats,law_professional_army,law_no_home_affairs,law_laissez_faire,law_mercantilism,law_per_capita_based_taxation,law_commercialized_agriculture,law_no_colonial_affairs,law_dedicated_police,law_public_schools,law_private_health_insurance,law_right_of_assembly,law_no_workers_rights,law_compulsory_primary_school,law_women_own_property,law_poor_laws,law_no_migration_controls,law_slavery_banned,law_federated
Australia,AST,law_parliamentary_republic,law_census_voting,law_cultural_exclusion,law_freedom_of_conscience,law_appointed_bureaucrats,law_professional_army,law_national_guard,law_interventionism,law_mercantilism,law_proportional_taxation,law_homesteading,law_no_colonial_affairs,law_dedicated_police,law_public_schools,law_charitable_health_system,law_right_of_assembly,law_regulatory_bodies,law_compulsory_primary_school,law_women_own_property,law_old_age_pension,law_migration_controls,law_slavery_banned,law_federated
Austria-Hungary,AUS,law_monarchy,law_oligarchy,law_cultural_exclusion,law_freedom_of_conscience,law_appointed_bureaucrats,law_mass_conscription,law_national_guard,law_interventionism,law_mercantilism,law_proportional_taxation,law_tenant_farmers,law_no_colonial_affairs,law_local_police,law_religious_schools,law_charitable_health_system,law_censorship,law_no_workers_rights,law_restricted_child_labor,law_women_own_property,law_poor_laws,law_no_migration_controls,law_slavery_banned,law_federated
Bahrain,BHN,law_monarchy,law_autocracy,law_racial_segregation,law_state_religion,law_hereditary_bureaucrats,law_peasant_levies,law_no_home_affairs,law_traditionalism,law_mercantilism,law_land_based_taxation,law_tenant_farmers,law_no_colonial_affairs,law_local_police,law_religious_schools,law_no_health_system,law_censorship,law_no_workers_rights,law_child_labor_allowed,law_no_womens_rights,law_no_social_security,law_no_migration_controls,law_slavery_banned,law_confederated
Basuto,BST,law_monarchy,law_autocracy,law_racial_segregation,law_freedom_of_conscience,law_hereditary_bureaucrats,law_peasant_levies,law_no_home_affairs,law_traditionalism,law_mercantilism,law_land_based_taxation,law_tenant_farmers,law_no_colonial_affairs,law_local_police,law_religious_schools,law_no_health_system,law_censorship,law_no_workers_rights,law_child_labor_allowed,law_no_womens_rights,law_no_social_security,law_no_migration_controls,law_slavery_banned,law_confederated
Bechuanaland,TSW,law_monarchy,law_autocracy,law_racial_segregation,law_freedom_of_conscience,law_hereditary_bureaucrats,law_peasant_levies,law_no_home_affairs,law_traditionalism,law_mercantilism,law_per_capita_based_taxation,law_tenant_farmers,law_no_colonial_affairs,law_local_police,law_religious_schools,law_charitable_health_system,law_censorship,law_no_workers_rights,law_child_labor_allowed,law_women_own_property,law_no_social_security,law_no_migration_controls,law_slavery_banned,law_confederated
Belgian Congo,KON,law_presidential_republic,law_autocracy,law_racial_segregation,law_state_religion,law_appointed_bureaucrats,law_professional_army,law_national_guard,law_extraction_economy,law_mercantilism,law_per_capita_based_taxation,law_commercialized_agriculture,law_no_colonial_affairs,law_dedicated_police,law_religious_schools,law_charitable_health_system,law_censorship,law_no_workers_rights,law_child_labor_allowed,law_no_womens_rights,law_no_social_security,law_closed_borders,law_slavery_banned,law_unitary
Belgium,BEL,law_monarchy,law_census_voting,law_cultural_exclusion,law_total_separation,law_appointed_bureaucrats,law_mass_conscription,law_national_guard,law_laissez_faire,law_mercantilism,law_proportional_taxation,law_homesteading,law_no_colonial_affairs,law_dedicated_police,law_public_schools,law_public_health_insurance,law_right_of_assembly,law_regulatory_bodies,law_compulsory_primary_school,law_women_own_property,law_old_age_pension,law_no_migration_controls,law_slavery_banned,law_unitary
Bhutan,BHU,law_monarchy,law_landed_voting,law_racial_segregation,law_freedom_of_conscience,law_appointed_bureaucrats,law_peasant_levies,law_no_home_affairs,law_traditionalism,law_mercantilism,law_land_based_taxation,law_tenant_farmers,law_no_colonial_affairs,law_no_police,law_religious_schools,law_no_health_system,law_censorship,law_no_workers_rights,law_child_labor_allowed,law_women_own_property,law_no_social_security,law_no_migration_controls,law_slavery_banned,law_confederated
Bolivia,BOL,law_presidential_republic,law_census_voting,law_cultural_exclusion,law_freedom_of_conscience,law_appointed_bureaucrats,law_professional_army,law_no_home_affairs,law_laissez_faire,law_mercantilism,law_per_capita_based_taxation,law_tenant_farmers,law_no_colonial_affairs,law_no_police,law_public_schools,law_no_health_system,law_right_of_assembly,law_no_workers_rights,law_compulsory_primary_school,law_women_own_property,law_no_social_security,law_no_migration_controls,law_slavery_banned,law_unitary
Brazil,BRZ,law_presidential_republic,law_census_voting,law_cultural_exclusion,law_total_separation,law_appointed_bureaucrats,law_professional_army,law_no_home_affairs,law_interventionism,law_protectionism,law_land_based_taxation,law_tenant_farmers,law_no_colonial_affairs,law_local_police,law_public_schools,law_no_health_system,law_censorship,law_no_workers_rights,law_child_labor_allowed,law_women_own_property,law_no_social_security,law_no_migration_controls,law_slavery_banned,law_federated
British East Africa,KEN,law_presidential_republic,law_oligarchy,law_racial_segregation,law_freedom_of_conscience,law_appointed_bureaucrats,law_professional_army,law_no_home_affairs,law_extraction_economy,law_mercantilism,law_per_capita_based_taxation,law_tenant_farmers,law_no_colonial_affairs,law_local_police,law_religious_schools,law_charitable_health_system,law_censorship,law_no_workers_rights,law_child_labor_allowed,law_women_own_property,law_no_social_security,law_no_migration_controls,law_slavery_banned,law_unitary
British Honduras,BLZ,law_presidential_republic,law_oligarchy,law_cultural_exclusion,law_total_separation,law_appointed_bureaucrats,law_professional_army,law_no_home_affairs,law_laissez_faire,law_protectionism,law_per_capita_based_taxation,law_tenant_farmers,law_no_colonial_affairs,law_no_police,law_no_schools,law_no_health_system,law_right_of_assembly,law_no_workers_rights,law_child_labor_allowed,law_women_own_property,law_no_social_security,law_no_migration_controls,law_slavery_banned,law_unitary
British Raj,BIC,law_presidential_republic,law_autocracy,law_cultural_exclusion,law_freedom_of_conscience,law_appointed_bureaucrats,law_mass_conscription,law_national_guard,law_extraction_economy,law_free_trade,law_per_capita_based_taxation,law_tenant_farmers,law_no_colonial_affairs,law_dedicated_police,law_religious_schools,law_charitable_health_system,law_censorship,law_no_workers_rights,law_child_labor_allowed,law_women_own_property,law_no_social_security,law_no_migration_controls,law_slavery_banned,law_devolved
British Somaliland,SLD,law_presidential_republic,law_autocracy,law_racial_segregation,law_freedom_of_conscience,law_appointed_bureaucrats,law_professional_army,law_no_home_affairs,law_agrarianism,law_mercantilism,law_per_capita_based_taxation,law_tenant_farmers,law_no_colonial_affairs,law_local_police,law_religious_schools,law_charitable_health_system,law_censorship,law_no_workers_rights,law_child_labor_allowed,law_women_own_property,law_no_social_security,law_no_migration_controls,law_slavery_banned,law_unitary
British West Africa,NGA,law_presidential_republic,law_autocracy,law_racial_segregation,law_freedom_of_conscience,law_appointed_bureaucrats,law_professional_army,law_national_guard,law_extraction_economy,law_mercantilism,law_per_capita_based_taxation,law_tenant_farmers,law_no_colonial_affairs,law_local_police,law_religious_schools,law_charitable_health_system,law_censorship,law_no_workers_rights,law_child_labor_allowed,law_women_own_property,law_no_social_security,law_no_migration_controls,law_slavery_banned,law_unitary
Brunei,BRU,law_monarchy,law_autocracy,law_racial_segregation,law_state_religion,law_hereditary_bureaucrats,law_peasant_levies,law_no_home_affairs,law_traditionalism,law_mercantilism,law_land_based_taxation,law_tenant_farmers,law_no_colonial_affairs,law_local_police,law_religious_schools,law_no_health_system,law_censorship,law_no_workers_rights,law_child_labor_allowed,law_no_womens_rights,law_no_social_security,law_no_migration_controls,law_slavery_banned,law_confederated
Buganda,BUG,law_monarchy,law_landed_voting,law_racial_segregation,law_freedom_of_conscience,law_hereditary_bureaucrats,law_peasant_levies,law_no_home_affairs,law_traditionalism,law_mercantilism,law_land_based_taxation,law_tenant_farmers,law_no_colonial_affairs,law_local_police,law_religious_schools,law_no_health_system,law_censorship,law_no_workers_rights,law_child_labor_allowed,law_women_own_property,law_no_social_security,law_no_migration_controls,law_slavery_banned,law_confederated
Bukhara,BUK,law_monarchy,law_autocracy,law_national_supremacy,law_state_religion,law_hereditary_bureaucrats,law_peasant_levies,law_no_home_affairs,law_traditionalism,law_mercantilism,law_per_capita_based_taxation,law_tenant_farmers,law_no_colonial_affairs,law_local_police,law_religious_schools,law_no_health_system,law_censorship,law_no_workers_rights,law_child_labor_allowed,law_no_womens_rights,law_no_social_security,law_no_migration_controls,law_slavery_banned,law_confederated
Bulgaria,BUL,law_monarchy,law_landed_voting,law_national_supremacy,law_freedom_of_conscience,law_appointed_bureaucrats,law_mass_conscription,law_national_guard,law_interventionism,law_mercantilism,law_per_capita_based_taxation,law_tenant_farmers,law_no_colonial_affairs,law_dedicated_police,law_public_schools,law_charitable_health_system,law_right_of_assembly,law_no_workers_rights,law_compulsory_primary_school,law_women_own_property,law_no_social_security,law_migration_controls,law_slavery_banned,law_unitary
Canada,CAN,law_parliamentary_republic,law_census_voting,law_racial_segregation,law_freedom_of_conscience,law_appointed_bureaucrats,law_national_militia,law_national_guard,law_laissez_faire,law_protectionism,law_consumption_based_taxation,law_homesteading,law_no_colonial_affairs,law_dedicated_police,law_public_schools,law_private_health_insurance,law_right_of_assembly,law_regulatory_bodies,law_compulsory_primary_school,law_women_own_property,law_poor_laws,law_migration_controls,law_slavery_banned,law_federated
Ceylon,CEY,law_presidential_republic,law_autocracy,law_racial_segregation,law_freedom_of_conscience,law_appointed_bureaucrats,law_professional_army,law_no_home_affairs,law_extraction_economy,law_mercantilism,law_per_capita_based_taxation,law_tenant_farmers,law_no_colonial_affairs,law_dedicated_police,law_religious_schools,law_charitable_health_system,law_right_of_assembly,law_no_workers_rights,law_child_labor_allowed,law_women_own_property,law_no_social_security,law_no_migration_controls,law_slavery_banned,law_unitary
Chile,CHL,law_parliamentary_republic,law_census_voting,law_cultural_exclusion,law_freedom_of_conscience,law_appointed_bureaucrats,law_professional_army,law_no_home_affairs,law_interventionism,law_mercantilism,law_per_capita_based_taxation,law_tenant_farmers,law_no_colonial_affairs,law_dedicated_police,law_public_schools,law_no_health_system,law_right_of_assembly,law_no_workers_rights,law_child_labor_allowed,law_women_own_property,law_poor_laws,law_no_migration_controls,law_slavery_banned,law_unitary
China,CHI,law_presidential_republic,law_autocracy,law_cultural_exclusion,law_total_separation,law_appointed_bureaucrats,law_professional_army,law_secret_police,law_agrarianism,law_free_trade,law_land_based_taxation,law_tenant_farmers,law_no_colonial_affairs,law_no_police,law_no_schools,law_no_health_system,law_censorship,law_no_workers_rights,law_child_labor_allowed,law_no_womens_rights,law_no_social_security,law_no_migration_controls,law_slavery_banned,law_devolved
Colombia,CLM,law_presidential_republic,law_census_voting,law_cultural_exclusion,law_freedom_of_conscience,law_appointed_bureaucrats,law_professional_army,law_no_home_affairs,law_interventionism,law_mercantilism,law_per_capita_based_taxation,law_tenant_farmers,law_no_colonial_affairs,law_local_police,law_religious_schools,law_private_health_insurance,law_right_of_assembly,law_no_workers_rights,law_child_labor_allowed,law_women_own_property,law_poor_laws,law_no_migration_controls,law_slavery_banned,law_unitary
Costa Rica,COS,law_presidential_republic,law_census_voting,law_cultural_exclusion,law_freedom_of_conscience,law_appointed_bureaucrats,law_professional_army,law_no_home_affairs,law_interventionism,law_mercantilism,law_per_capita_based_taxation,law_tenant_farmers,law_no_colonial_affairs,law_no_police,law_public_schools,law_no_health_system,law_right_of_assembly,law_no_workers_rights,law_compulsory_primary_school,law_women_own_property,law_poor_laws,law_no_migration_controls,law_slavery_banned,law_unitary
Cuba,CUB,law_presidential_republic,law_census_voting,law_cultural_exclusion,law_freedom_of_conscience,law_appointed_bureaucrats,law_professional_army,law_national_guard,law_interventionism,law_free_trade,law_per_capita_based_taxation,law_tenant_farmers,law_no_colonial_affairs,law_no_police,law_public_schools,law_no_health_system,law_censorship,law_no_workers_rights,law_restricted_child_labor,law_women_own_property,law_no_social_security,law_no_migration_controls,law_slavery_banned,law_unitary
Cyrenaica,CYR,law_presidential_republic,law_autocracy,law_racial_segregation,law_freedom_of_conscience,law_appointed_bureaucrats,law_professional_army,law_no_home_affairs,law_extraction_economy,law_mercantilism,law_per_capita_based_taxation,law_tenant_farmers,law_no_colonial_affairs,law_local_police,law_religious_schools,law_charitable_health_system,law_censorship,law_no_workers_rights,law_child_labor_allowed,law_no_womens_rights,law_no_social_security,law_no_migration_controls,law_slavery_banned,law_unitary
Denmark,DEN,law_monarchy,law_universal_suffrage,law_cultural_exclusion,law_freedom_of_conscience,law_appointed_bureaucrats,law_professional_army,law_no_home_affairs,law_interventionism,law_mercantilism,law_proportional_taxation,law_tenant_farmers,law_no_colonial_affairs,law_dedicated_police,law_public_schools,law_charitable_health_system,law_right_of_assembly,law_no_workers_rights,law_restricted_child_labor,law_women_own_property,law_old_age_pension,law_no_migration_controls,law_slavery_banned,law_unitary
Dominican Republic,DOM,law_presidential_republic,law_autocracy,law_cultural_exclusion,law_freedom_of_conscience,law_appointed_bureaucrats,law_professional_army,law_no_home_affairs,law_interventionism,law_mercantilism,law_per_capita_based_taxation,law_tenant_farmers,law_no_colonial_affairs,law_no_police,law_public_schools,law_no_health_system,law_censorship,law_no_workers_rights,law_compulsory_primary_school,law_women_own_property,law_no_social_security,law_no_migration_controls,law_slavery_banned,law_unitary
Dutch East Indies,DEI,law_presidential_republic,law_oligarchy,law_cultural_exclusion,law_freedom_of_conscience,law_appointed_bureaucrats,law_mass_conscription,law_national_guard,law_extraction_economy,law_mercantilism,law_per_capita_based_taxation,law_tenant_farmers,law_no_colonial_affairs,law_dedicated_police,law_religious_schools,law_charitable_health_system,law_censorship,law_no_workers_rights,law_child_labor_allowed,law_women_own_property,law_no_social_security,law_no_migration_controls,law_slavery_banned,law_unitary
Ecuador,ECU,law_presidential_republic,law_census_voting,law_cultural_exclusion,law_total_separation,law_appointed_bureaucrats,law_professional_army,law_no_home_affairs,law_interventionism,law_mercantilism,law_per_capita_based_taxation,law_tenant_farmers,law_no_colonial_affairs,law_local_police,law_public_schools,law_no_health_system,law_right_of_assembly,law_no_workers_rights,law_compulsory_primary_school,law_women_own_property,law_poor_laws,law_no_migration_controls,law_slavery_banned,law_unitary
Egypt,EGY,law_monarchy,law_autocracy,law_cultural_exclusion,law_freedom_of_conscience,law_appointed_bureaucrats,law_professional_army,law_national_guard,law_interventionism,law_mercantilism,law_per_capita_based_taxation,law_tenant_farmers,law_no_colonial_affairs,law_dedicated_police,law_public_schools,law_charitable_health_system,law_censorship,law_no_workers_rights,law_restricted_child_labor,law_women_own_property,law_poor_laws,law_no_migration_controls,law_slavery_banned,law_devolved
El Salvador,ELS,law_presidential_republic,law_landed_voting,law_cultural_exclusion,law_freedom_of_conscience,law_hereditary_bureaucrats,law_professional_army,law_no_home_affairs,law_interventionism,law_mercantilism,law_land_based_taxation,law_tenant_farmers,law_no_colonial_affairs,law_no_police,law_public_schools,law_no_health_system,law_censorship,law_no_workers_rights,law_compulsory_primary_school,law_women_own_property,law_no_social_security,law_no_migration_controls,law_slavery_banned,law_unitary
Eritrea,ERT,law_presidential_republic,law_autocracy,law_racial_segregation,law_freedom_of_conscience,law_appointed_bureaucrats,law_professional_army,law_no_home_affairs,law_agrarianism,law_mercantilism,law_per_capita_based_taxation,law_tenant_farmers,law_no_colonial_affairs,law_local_police,law_religious_schools,law_charitable_health_system,law_censorship,law_no_workers_rights,law_child_labor_allowed,law_women_own_property,law_no_social_security,law_no_migration_controls,law_slavery_banned,law_unitary
Ethiopia,ETH,law_monarchy,law_autocracy,law_racial_segregation,law_state_religion,law_hereditary_bureaucrats,law_peasant_levies,law_no_home_affairs,law_agrarianism,law_mercantilism,law_per_capita_based_taxation,law_tenant_farmers,law_no_colonial_affairs,law_local_police,law_religious_schools,law_charitable_health_system,law_censorship,law_no_workers_rights,law_restricted_child_labor,law_women_own_property,law_no_social_security,law_no_migration_controls,law_legacy_slavery,law_devolved
Finland,FIN,law_monarchy,law_universal_suffrage,law_cultural_exclusion,law_freedom_of_conscience,law_appointed_bureaucrats,law_professional_army,law_no_home_affairs,law_interventionism,law_mercantilism,law_proportional_taxation,law_tenant_farmers,law_no_colonial_affairs,law_local_police,law_public_schools,law_charitable_health_system,law_right_of_assembly,law_no_workers_rights,law_compulsory_primary_school,law_womens_suffrage,law_poor_laws,law_no_migration_controls,law_slavery_banned,law_unitary
France,FRA,law_parliamentary_republic,law_universal_suffrage,law_cultural_exclusion,law_total_separation,law_appointed_bureaucrats,law_mass_conscription,law_no_home_affairs,law_interventionism,law_protectionism,law_proportional_taxation,law_homesteading,law_no_colonial_affairs,law_militarized_police,law_public_schools,law_public_health_insurance,law_right_of_assembly,law_regulatory_bodies,law_compulsory_primary_school,law_women_in_the_workplace,law_old_age_pension,law_no_migration_controls,law_slavery_banned,law_unitary
French Equatorial Africa,EQA,law_presidential_republic,law_autocracy,law_racial_segregation,law_freedom_of_conscience,law_appointed_bureaucrats,law_professional_army,law_national_guard,law_extraction_economy,law_mercantilism,law_per_capita_based_taxation,law_tenant_farmers,law_no_colonial_affairs,law_local_police,law_religious_schools,law_charitable_health_system,law_censorship,law_no_workers_rights,law_child_labor_allowed,law_women_own_property,law_no_social_security,law_no_migration_controls,law_slavery_banned,law_unitary
French Indochina,ICH,law_presidential_republic,law_landed_voting,law_racial_segregation,law_freedom_of_conscience,law_appointed_bureaucrats,law_professional_army,law_national_guard,law_extraction_economy,law_mercantilism,law_per_capita_based_taxation,law_tenant_farmers,law_no_colonial_affairs,law_local_police,law_religious_schools,law_charitable_health_system,law_censorship,law_no_workers_rights,law_child_labor_allowed,law_women_own_property,law_no_social_security,law_no_migration_controls,law_slavery_banned,law_unitary
French Somaliland,DJB,law_presidential_republic,law_autocracy,law_racial_segregation,law_freedom_of_conscience,law_appointed_bureaucrats,law_professional_army,law_no_home_affairs,law_agrarianism,law_mercantilism,law_per_capita_based_taxation,law_tenant_farmers,law_no_colonial_affairs,law_local_police,law_religious_schools,law_charitable_health_system,law_censorship,law_no_workers_rights,law_child_labor_allowed,law_women_own_property,law_no_social_security,law_no_migration_controls,law_slavery_banned,law_unitary
French West Africa,WAF,law_presidential_republic,law_autocracy,law_racial_segregation,law_freedom_of_conscience,law_appointed_bureaucrats,law_professional_army,law_national_guard,law_extraction_economy,law_mercantilism,law_per_capita_based_taxation,law_tenant_farmers,law_no_colonial_affairs,law_local_police,law_religious_schools,law_charitable_health_system,law_censorship,law_no_workers_rights,law_child_labor_allowed,law_women_own_property,law_no_social_security,law_no_migration_controls,law_slavery_banned,law_unitary
German East Africa,TAN,law_presidential_republic,law_autocracy,law_racial_segregation,law_freedom_of_conscience,law_appointed_bureaucrats,law_professional_army,law_no_home_affairs,law_extraction_economy,law_mercantilism,law_per_capita_based_taxation,law_tenant_farmers,law_no_colonial_affairs,law_local_police,law_religious_schools,law_charitable_health_system,law_censorship,law_no_workers_rights,law_child_labor_allowed,law_no_womens_rights,law_no_social_security,law_no_migration_controls,law_slavery_banned,law_unitary
German South-West Africa,NAM,law_presidential_republic,law_autocracy,law_racial_segregation,law_freedom_of_conscience,law_appointed_bureaucrats,law_professional_army,law_no_home_affairs,law_extraction_economy,law_mercantilism,law_per_capita_based_taxation,law_homesteading,law_no_colonial_affairs,law_local_police,law_religious_schools,law_charitable_health_system,law_censorship,law_no_workers_rights,law_child_labor_allowed,law_women_own_property,law_no_social_security,law_no_migration_controls,law_slavery_banned,law_unitary
Germany,GER,law_monarchy,law_oligarchy,law_national_supremacy,law_freedom_of_conscience,law_appointed_bureaucrats,law_mass_conscription,law_national_guard,law_interventionism,law_protectionism,law_proportional_taxation,law_homesteading,law_no_colonial_affairs,law_dedicated_police,law_public_schools,law_public_health_insurance,law_censorship,law_regulatory_bodies,law_compulsory_primary_school,law_women_own_property,law_old_age_pension,law_migration_controls,law_slavery_banned,law_federated
Ghana,GHA,law_presidential_republic,law_autocracy,law_racial_segregation,law_freedom_of_conscience,law_appointed_bureaucrats,law_peasant_levies,law_no_home_affairs,law_extraction_economy,law_mercantilism,law_per_capita_based_taxation,law_tenant_farmers,law_no_colonial_affairs,law_local_police,law_religious_schools,law_no_health_system,law_censorship,law_no_workers_rights,law_child_labor_allowed,law_no_womens_rights,law_no_social_security,law_no_migration_controls,law_slavery_banned,law_unitary
Great Britain,GBR,law_monarchy,law_census_voting,law_cultural_exclusion,law_freedom_of_conscience,law_appointed_bureaucrats,law_mass_conscription,law_national_guard,law_interventionism,law_free_trade,law_proportional_taxation,law_tenant_farmers,law_no_colonial_affairs,law_dedicated_police,law_religious_schools,law_charitable_health_system,law_right_of_assembly,law_regulatory_bodies,law_restricted_child_labor,law_women_own_property,law_old_age_pension,law_migration_controls,law_slavery_banned,law_devolved
Greece,GRE,law_monarchy,law_census_voting,law_racial_segregation,law_freedom_of_conscience,law_appointed_bureaucrats,law_mass_conscription,law_national_guard,law_interventionism,law_protectionism,law_per_capita_based_taxation,law_tenant_farmers,law_no_colonial_affairs,law_dedicated_police,law_public_schools,law_charitable_health_system,law_right_of_assembly,law_no_workers_rights,law_compulsory_primary_school,law_women_own_property,law_poor_laws,law_no_migration_controls,law_slavery_banned,law_unitary
Guatemala,GUA,law_presidential_republic,law_oligarchy,law_cultural_exclusion,law_freedom_of_conscience,law_appointed_bureaucrats,law_professional_army,law_national_guard,law_interventionism,law_mercantilism,law_land_based_taxation,law_tenant_farmers,law_no_colonial_affairs,law_local_police,law_public_schools,law_private_health_insurance,law_censorship,law_no_workers_rights,law_compulsory_primary_school,law_women_own_property,law_poor_laws,law_no_migration_controls,law_slavery_banned,law_unitary
Haiti,HAI,law_presidential_republic,law_census_voting,law_cultural_exclusion,law_freedom_of_conscience,law_appointed_bureaucrats,law_professional_army,law_national_guard,law_interventionism,law_mercantilism,law_per_capita_based_taxation,law_tenant_farmers,law_no_colonial_affairs,law_no_police,law_public_schools,law_no_health_system,law_censorship,law_no_workers_rights,law_compulsory_primary_school,law_women_own_property,law_no_social_security,law_no_migration_controls,law_slavery_banned,law_unitary
Honduras,HON,law_presidential_republic,law_oligarchy,law_cultural_exclusion,law_total_separation,law_appointed_bureaucrats,law_professional_army,law_no_home_affairs,law_interventionism,law_mercantilism,law_per_capita_based_taxation,law_tenant_farmers,law_no_colonial_affairs,law_no_police,law_public_schools,law_no_health_system,law_censorship,law_no_workers_rights,law_compulsory_primary_school,law_women_own_property,law_no_social_security,law_no_migration_controls,law_slavery_banned,law_unitary
Italian Somaliland,SMA,law_presidential_republic,law_autocracy,law_racial_segregation,law_freedom_of_conscience,law_appointed_bureaucrats,law_professional_army,law_no_home_affairs,law_agrarianism,law_mercantilism,law_per_capita_based_taxation,law_tenant_farmers,law_no_colonial_affairs,law_local_police,law_religious_schools,law_charitable_health_system,law_censorship,law_no_workers_rights,law_child_labor_allowed,law_women_own_property,law_no_social_security,law_no_migration_controls,law_slavery_banned,law_unitary
Italy,ITA,law_monarchy,law_census_voting,law_racial_segregation,law_freedom_of_conscience,law_appointed_bureaucrats,law_mass_conscription,law_national_guard,law_interventionism,law_protectionism,law_proportional_taxation,law_homesteading,law_no_colonial_affairs,law_dedicated_police,law_public_schools,law_public_health_insurance,law_right_of_assembly,law_regulatory_bodies,law_compulsory_primary_school,law_women_own_property,law_wage_subsidies,law_no_migration_controls,law_slavery_banned,law_unitary
Jabal Shamar,JAB,law_monarchy,law_autocracy,law_racial_segregation,law_state_religion,law_hereditary_bureaucrats,law_peasant_levies,law_no_home_affairs,law_traditionalism,law_mercantilism,law_land_based_taxation,law_tenant_farmers,law_no_colonial_affairs,law_local_police,law_religious_schools,law_no_health_system,law_censorship,law_no_workers_rights,law_child_labor_allowed,law_no_womens_rights,law_no_social_security,law_no_migration_controls,law_legacy_slavery,law_confederated
Japan,JAP,law_monarchy,law_oligarchy,law_ethnostate,law_freedom_of_conscience,law_appointed_bureaucrats,law_mass_conscription,law_national_guard,law_interventionism,law_mercantilism,law_proportional_taxation,law_tenant_farmers,law_no_colonial_affairs,law_dedicated_police,law_public_schools,law_charitable_health_system,law_right_of_assembly,law_no_workers_rights,law_restricted_child_labor,law_women_own_property,law_poor_laws,law_migration_controls,law_slavery_banned,law_unitary
Kamerun,CMR,law_presidential_republic,law_autocracy,law_racial_segregation,law_freedom_of_conscience,law_appointed_bureaucrats,law_professional_army,law_national_guard,law_extraction_economy,law_mercantilism,law_per_capita_based_taxation,law_tenant_farmers,law_no_colonial_affairs,law_local_police,law_religious_schools,law_charitable_health_system,law_censorship,law_no_workers_rights,law_child_labor_allowed,law_women_own_property,law_no_social_security,law_no_migration_controls,law_slavery_banned,law_unitary
Korea,KOR,law_presidential_republic,law_autocracy,law_racial_segregation,law_state_religion,law_appointed_bureaucrats,law_peasant_levies,law_national_guard,law_interventionism,law_mercantilism,law_per_capita_based_taxation,law_tenant_farmers,law_no_colonial_affairs,law_local_police,law_religious_schools,law_no_health_system,law_censorship,law_no_workers_rights,law_child_labor_allowed,law_no_womens_rights,law_no_social_security,law_no_migration_controls,law_slavery_banned,law_unitary
Kuwait,,law_monarchy,law_autocracy,law_racial_segregation,law_state_religion,law_hereditary_bureaucrats,law_peasant_levies,law_no_home_affairs,law_traditionalism,law_mercantilism,law_land_based_taxation,law_tenant_farmers,law_no_colonial_affairs,law_local_police,law_religious_schools,law_no_health_system,law_censorship,law_no_workers_rights,law_child_labor_allowed,law_no_womens_rights,law_no_social_security,law_no_migration_controls,law_slavery_banned,law_confederated
Liberia,LIB,law_presidential_republic,law_universal_suffrage,law_cultural_exclusion,law_total_separation,law_appointed_bureaucrats,law_professional_army,law_no_home_affairs,law_agrarianism,law_mercantilism,law_proportional_taxation,law_homesteading,law_no_colonial_affairs,law_dedicated_police,law_public_schools,law_charitable_health_system,law_right_of_assembly,law_no_workers_rights,law_child_labor_allowed,law_women_own_property,law_poor_laws,law_no_migration_controls,law_legacy_slavery,law_unitary
Luxembourg,LUX,law_monarchy,law_universal_suffrage,law_cultural_exclusion,law_freedom_of_conscience,law_appointed_bureaucrats,law_professional_army,law_no_home_affairs,law_interventionism,law_mercantilism,law_proportional_taxation,law_homesteading,law_no_colonial_affairs,law_no_police,law_public_schools,law_public_health_insurance,law_right_of_assembly,law_regulatory_bodies,law_compulsory_primary_school,law_women_own_property,law_poor_laws,law_no_migration_controls,law_slavery_banned,law_unitary
Madagascar,MAD,law_presidential_republic,law_landed_voting,law_racial_segregation,law_freedom_of_conscience,law_appointed_bureaucrats,law_professional_army,law_no_home_affairs,law_extraction_economy,law_mercantilism,law_per_capita_based_taxation,law_tenant_farmers,law_no_colonial_affairs,law_local_police,law_religious_schools,law_charitable_health_system,law_censorship,law_no_workers_rights,law_child_labor_allowed,law_no_womens_rights,law_no_social_security,law_no_migration_controls,law_slavery_banned,law_unitary
Mexico,MEX,law_presidential_republic,law_oligarchy,law_cultural_exclusion,law_total_separation,law_appointed_bureaucrats,law_professional_army,law_national_guard,law_laissez_faire,law_protectionism,law_per_capita_based_taxation,law_tenant_farmers,law_no_colonial_affairs,law_local_police,law_public_schools,law_private_health_insurance,law_censorship,law_no_workers_rights,law_compulsory_primary_school,law_women_own_property,law_poor_laws,law_no_migration_controls,law_slavery_banned,law_devolved
Montenegro,MON,law_monarchy,law_autocracy,law_cultural_exclusion,law_freedom_of_conscience,law_appointed_bureaucrats,law_professional_army,law_national_guard,law_interventionism,law_mercantilism,law_per_capita_based_taxation,law_tenant_farmers,law_no_colonial_affairs,law_dedicated_police,law_public_schools,law_charitable_health_system,law_censorship,law_no_workers_rights,law_compulsory_primary_school,law_women_own_property,law_no_social_security,law_no_migration_controls,law_slavery_banned,law_unitary
Morocco,MOR,law_monarchy,law_autocracy,law_racial_segregation,law_freedom_of_conscience,law_appointed_bureaucrats,law_professional_army,law_no_home_affairs,law_agrarianism,law_mercantilism,law_per_capita_based_taxation,law_tenant_farmers,law_no_colonial_affairs,law_local_police,law_religious_schools,law_charitable_health_system,law_censorship,law_no_workers_rights,law_child_labor_allowed,law_no_womens_rights,law_no_social_security,law_no_migration_controls,law_slavery_banned,law_devolved
Mozambique,MOZ,law_presidential_republic,law_autocracy,law_racial_segregation,law_freedom_of_conscience,law_appointed_bureaucrats,law_professional_army,law_no_home_affairs,law_extraction_economy,law_mercantilism,law_per_capita_based_taxation,law_tenant_farmers,law_no_colonial_affairs,law_local_police,law_religious_schools,law_charitable_health_system,law_censorship,law_no_workers_rights,law_child_labor_allowed,law_no_womens_rights,law_no_social_security,law_no_migration_controls,law_slavery_banned,law_unitary
Nepal,NEP,law_monarchy,law_landed_voting,law_racial_segregation,law_freedom_of_conscience,law_appointed_bureaucrats,law_peasant_levies,law_no_home_affairs,law_traditionalism,law_mercantilism,law_land_based_taxation,law_tenant_farmers,law_no_colonial_affairs,law_no_police,law_religious_schools,law_no_health_system,law_censorship,law_no_workers_rights,law_child_labor_allowed,law_women_own_property,law_no_social_security,law_no_migration_controls,law_slavery_banned,law_confederated
Netherlands,NET,law_monarchy,law_universal_suffrage,law_cultural_exclusion,law_freedom_of_conscience,law_elected_bureaucrats,law_professional_army,law_guaranteed_liberties,law_interventionism,law_mercantilism,law_proportional_taxation,law_homesteading,law_no_colonial_affairs,law_dedicated_police,law_public_schools,law_charitable_health_system,law_right_of_assembly,law_regulatory_bodies,law_compulsory_primary_school,law_women_own_property,law_poor_laws,law_no_migration_controls,law_slavery_banned,law_unitary
New Guinea,NGG,law_presidential_republic,law_autocracy,law_racial_segregation,law_freedom_of_conscience,law_appointed_bureaucrats,law_professional_army,law_no_home_affairs,law_extraction_economy,law_mercantilism,law_per_capita_based_taxation,law_tenant_farmers,law_no_colonial_affairs,law_local_police,law_religious_schools,law_charitable_health_system,law_censorship,law_no_workers_rights,law_child_labor_allowed,law_women_own_property,law_no_social_security,law_no_migration_controls,law_slavery_banned,law_unitary
New Zealand,NZL,law_parliamentary_republic,law_census_voting,law_cultural_exclusion,law_total_separation,law_appointed_bureaucrats,law_professional_army,law_national_guard,law_interventionism,law_mercantilism,law_proportional_taxation,law_homesteading,law_no_colonial_affairs,law_dedicated_police,law_public_schools,law_charitable_health_system,law_right_of_assembly,law_regulatory_bodies,law_compulsory_primary_school,law_women_own_property,law_old_age_pension,law_no_migration_controls,law_slavery_banned,law_federated
Newfoundland,NEW,law_parliamentary_republic,law_census_voting,law_cultural_exclusion,law_freedom_of_conscience,law_appointed_bureaucrats,law_professional_army,law_no_home_affairs,law_interventionism,law_mercantilism,law_proportional_taxation,law_homesteading,law_no_colonial_affairs,law_no_police,law_public_schools,law_charitable_health_system,law_right_of_assembly,law_regulatory_bodies,law_compulsory_primary_school,law_women_own_property,law_old_age_pension,law_no_migration_controls,law_slavery_banned,law_federated
Nicaragua,NIC,law_presidential_republic,law_oligarchy,law_cultural_exclusion,law_freedom_of_conscience,law_appointed_bureaucrats,law_professional_army,law_national_guard,law_interventionism,law_mercantilism,law_per_capita_based_taxation,law_tenant_farmers,law_no_colonial_affairs,law_no_police,law_public_schools,law_no_health_system,law_censorship,law_no_workers_rights,law_child_labor_allowed,law_women_own_property,law_no_social_security,law_no_migration_controls,law_slavery_banned,law_unitary
Northern Rhodesia,ZAM,law_presidential_republic,law_oligarchy,law_racial_segregation,law_freedom_of_conscience,law_appointed_bureaucrats,law_professional_army,law_no_home_affairs,law_extraction_economy,law_mercantilism,law_per_capita_based_taxation,law_homesteading,law_no_colonial_affairs,law_local_police,law_religious_schools,law_charitable_health_system,law_censorship,law_no_workers_rights,law_child_labor_allowed,law_women_own_property,law_no_social_security,law_no_migration_controls,law_slavery_banned,law_unitary
Norway,NOR,law_monarchy,law_universal_suffrage,law_cultural_exclusion,law_freedom_of_conscience,law_appointed_bureaucrats,law_national_militia,law_no_home_affairs,law_interventionism,law_mercantilism,law_proportional_taxation,law_homesteading,law_no_colonial_affairs,law_no_police,law_public_schools,law_charitable_health_system,law_right_of_assembly,law_regulatory_bodies,law_compulsory_primary_school,law_womens_suffrage,law_poor_laws,law_no_migration_controls,law_slavery_banned,law_unitary
Oman,OMA,law_monarchy,law_autocracy,law_racial_segregation,law_freedom_of_conscience,law_hereditary_bureaucrats,law_peasant_levies,law_no_home_affairs,law_traditionalism,law_mercantilism,law_land_based_taxation,law_tenant_farmers,law_no_colonial_affairs,law_no_police,law_religious_schools,law_no_health_system,law_censorship,law_no_workers_rights,law_child_labor_allowed,law_women_own_property,law_no_social_security,law_no_migration_controls,law_slavery_banned,law_confederated
Ottoman Empire,TUR,law_monarchy,law_oligarchy,law_cultural_exclusion,law_freedom_of_conscience,law_appointed_bureaucrats,law_mass_conscription,law_national_guard,law_interventionism,law_mercantilism,law_per_capita_based_taxation,law_tenant_farmers,law_no_colonial_affairs,law_local_police,law_public_schools,law_public_health_insurance,law_censorship,law_regulatory_bodies,law_restricted_child_labor,law_women_own_property,law_poor_laws,law_no_migration_controls,law_slavery_banned,law_devolved
Panama,PNM,law_presidential_republic,law_oligarchy,law_cultural_exclusion,law_freedom_of_conscience,law_appointed_bureaucrats,law_professional_army,law_no_home_affairs,law_interventionism,law_mercantilism,law_per_capita_based_taxation,law_tenant_farmers,law_no_colonial_affairs,law_no_police,law_public_schools,law_no_health_system,law_censorship,law_no_workers_rights,law_restricted_child_labor,law_women_own_property,law_no_social_security,law_no_migration_controls,law_slavery_banned,law_unitary
Paraguay,PRG,law_presidential_republic,law_universal_suffrage,law_cultural_exclusion,law_freedom_of_conscience,law_appointed_bureaucrats,law_professional_army,law_no_home_affairs,law_interventionism,law_mercantilism,law_per_capita_based_taxation,law_tenant_farmers,law_no_colonial_affairs,law_no_police,law_public_schools,law_no_health_system,law_right_of_assembly,law_no_workers_rights,law_restricted_child_labor,law_women_own_property,law_no_social_security,law_no_migration_controls,law_slavery_banned,law_unitary
Persia,PER,law_monarchy,law_oligarchy,law_cultural_exclusion,law_freedom_of_conscience,law_appointed_bureaucrats,law_professional_army,law_national_guard,law_interventionism,law_mercantilism,law_per_capita_based_taxation,law_tenant_farmers,law_no_colonial_affairs,law_local_police,law_religious_schools,law_charitable_health_system,law_censorship,law_no_workers_rights,law_child_labor_allowed,law_no_womens_rights,law_no_social_security,law_no_migration_controls,law_legacy_slavery,law_federated
Peru,PEU,law_presidential_republic,law_oligarchy,law_cultural_exclusion,law_state_religion,law_appointed_bureaucrats,law_professional_army,law_national_guard,law_interventionism,law_mercantilism,law_per_capita_based_taxation,law_tenant_farmers,law_no_colonial_affairs,law_dedicated_police,law_public_schools,law_no_health_system,law_right_of_assembly,law_no_workers_rights,law_child_labor_allowed,law_women_own_property,law_poor_laws,law_no_migration_controls,law_slavery_banned,law_unitary
Philippines,PHI,law_presidential_republic,law_autocracy,law_racial_segregation,law_freedom_of_conscience,law_appointed_bureaucrats,law_professional_army,law_national_guard,law_extraction_economy,law_mercantilism,law_proportional_taxation,law_homesteading,law_no_colonial_affairs,law_local_police,law_public_schools,law_no_health_system,law_censorship,law_no_workers_rights,law_child_labor_allowed,law_women_own_property,law_no_social_security,law_no_migration_controls,law_slavery_banned,law_unitary
Polynesia,FPL,law_presidential_republic,law_autocracy,law_racial_segregation,law_freedom_of_conscience,law_appointed_bureaucrats,law_professional_army,law_no_home_affairs,law_extraction_economy,law_mercantilism,law_per_capita_based_taxation,law_tenant_farmers,law_no_colonial_affairs,law_local_police,law_religious_schools,law_charitable_health_system,law_censorship,law_no_workers_rights,law_child_labor_allowed,law_women_own_property,law_no_social_security,law_no_migration_controls,law_slavery_banned,law_unitary
Portugal,POR,law_parliamentary_republic,law_universal_suffrage,law_cultural_exclusion,law_total_separation,law_appointed_bureaucrats,law_national_militia,law_national_guard,law_interventionism,law_mercantilism,law_per_capita_based_taxation,law_tenant_farmers,law_no_colonial_affairs,law_no_police,law_public_schools,law_private_health_insurance,law_right_of_assembly,law_no_workers_rights,law_compulsory_primary_school,law_women_own_property,law_poor_laws,law_no_migration_controls,law_slavery_banned,law_unitary
Qatar,,law_monarchy,law_autocracy,law_racial_segregation,law_state_religion,law_hereditary_bureaucrats,law_peasant_levies,law_no_home_affairs,law_traditionalism,law_mercantilism,law_land_based_taxation,law_tenant_farmers,law_no_colonial_affairs,law_local_police,law_religious_schools,law_no_health_system,law_censorship,law_no_workers_rights,law_child_labor_allowed,law_no_womens_rights,law_no_social_security,law_no_migration_controls,law_slavery_banned,law_federated
Rhodesia,RHO,law_presidential_republic,law_oligarchy,law_racial_segregation,law_freedom_of_conscience,law_appointed_bureaucrats,law_professional_army,law_no_home_affairs,law_extraction_economy,law_mercantilism,law_per_capita_based_taxation,law_homesteading,law_no_colonial_affairs,law_local_police,law_religious_schools,law_charitable_health_system,law_censorship,law_no_workers_rights,law_child_labor_allowed,law_women_own_property,law_no_social_security,law_no_migration_controls,law_slavery_banned,law_unitary
Romania,ROM,law_monarchy,law_landed_voting,law_national_supremacy,law_freedom_of_conscience,law_appointed_bureaucrats,law_mass_conscription,law_national_guard,law_interventionism,law_protectionism,law_per_capita_based_taxation,law_tenant_farmers,law_no_colonial_affairs,law_dedicated_police,law_public_schools,law_charitable_health_system,law_right_of_assembly,law_no_workers_rights,law_restricted_child_labor,law_women_own_property,law_poor_laws,law_migration_controls,law_slavery_banned,law_unitary
Russia,RUS,law_monarchy,law_autocracy,law_racial_segregation,law_freedom_of_conscience,law_appointed_bureaucrats,law_mass_conscription,law_secret_police,law_interventionism,law_protectionism,law_per_capita_based_taxation,law_commercialized_agriculture,law_no_colonial_affairs,law_local_police,law_religious_schools,law_charitable_health_system,law_censorship,law_regulatory_bodies,law_restricted_child_labor,law_women_own_property,law_no_social_security,law_migration_controls,law_slavery_banned,law_unitary
Sarawak,ROS,law_monarchy,law_autocracy,law_racial_segregation,law_state_religion,law_hereditary_bureaucrats,law_peasant_levies,law_no_home_affairs,law_traditionalism,law_mercantilism,law_land_based_taxation,law_tenant_farmers,law_no_colonial_affairs,law_local_police,law_religious_schools,law_no_health_system,law_censorship,law_no_workers_rights,law_child_labor_allowed,law_no_womens_rights,law_no_social_security,law_no_migration_controls,law_slavery_banned,law_confederated
Saudi,NEJ,law_monarchy,law_autocracy,law_racial_segregation,law_state_religion,law_hereditary_bureaucrats,law_peasant_levies,law_no_home_affairs,law_traditionalism,law_mercantilism,law_land_based_taxation,law_tenant_farmers,law_no_colonial_affairs,law_local_police,law_religious_schools,law_no_health_system,law_censorship,law_no_workers_rights,law_child_labor_allowed,law_no_womens_rights,law_no_social_security,law_no_migration_controls,law_legacy_slavery,law_confederated
Serbia,SER,law_monarchy,law_census_voting,law_national_supremacy,law_freedom_of_conscience,law_appointed_bureaucrats,law_mass_conscription,law_national_guard,law_interventionism,law_protectionism,law_per_capita_based_taxation,law_tenant_farmers,law_no_colonial_affairs,law_dedicated_police,law_public_schools,law_charitable_health_system,law_protected_speech,law_no_workers_rights,law_restricted_child_labor,law_women_own_property,law_poor_laws,law_migration_controls,law_slavery_banned,law_unitary
Siam,SIA,law_monarchy,law_autocracy,law_racial_segregation,law_state_religion,law_appointed_bureaucrats,law_professional_army,law_no_home_affairs,law_agrarianism,law_mercantilism,law_per_capita_based_taxation,law_tenant_farmers,law_no_colonial_affairs,law_local_police,law_religious_schools,law_charitable_health_system,law_censorship,law_no_workers_rights,law_child_labor_allowed,law_women_own_property,law_no_social_security,law_no_migration_controls,law_slavery_banned,law_unitary
Sierra Leone,SIL,law_presidential_republic,law_autocracy,law_racial_segregation,law_freedom_of_conscience,law_appointed_bureaucrats,law_peasant_levies,law_no_home_affairs,law_extraction_economy,law_mercantilism,law_per_capita_based_taxation,law_tenant_farmers,law_no_colonial_affairs,law_local_police,law_religious_schools,law_no_health_system,law_censorship,law_no_workers_rights,law_child_labor_allowed,law_no_womens_rights,law_no_social_security,law_no_migration_controls,law_slavery_banned,law_unitary
Spain,SPA,law_monarchy,law_oligarchy,law_racial_segregation,law_state_religion,law_appointed_bureaucrats,law_professional_army,law_national_guard,law_interventionism,law_mercantilism,law_proportional_taxation,law_tenant_farmers,law_no_colonial_affairs,law_local_police,law_public_schools,law_charitable_health_system,law_censorship,law_no_workers_rights,law_compulsory_primary_school,law_women_own_property,law_poor_laws,law_no_migration_controls,law_slavery_banned,law_unitary
Sudan,SUD,law_presidential_republic,law_autocracy,law_racial_segregation,law_freedom_of_conscience,law_appointed_bureaucrats,law_professional_army,law_no_home_affairs,law_agrarianism,law_mercantilism,law_per_capita_based_taxation,law_tenant_farmers,law_no_colonial_affairs,law_local_police,law_religious_schools,law_charitable_health_system,law_censorship,law_no_workers_rights,law_child_labor_allowed,law_women_own_property,law_no_social_security,law_no_migration_controls,law_slavery_banned,law_unitary
Swaziland,SWZ,law_monarchy,law_autocracy,law_racial_segregation,law_freedom_of_conscience,law_hereditary_bureaucrats,law_peasant_levies,law_no_home_affairs,law_traditionalism,law_mercantilism,law_land_based_taxation,law_tenant_farmers,law_no_colonial_affairs,law_local_police,law_religious_schools,law_no_health_system,law_censorship,law_no_workers_rights,law_child_labor_allowed,law_women_own_property,law_no_social_security,law_no_migration_controls,law_slavery_banned,law_confederated
Sweden,SWE,law_monarchy,law_universal_suffrage,law_cultural_exclusion,law_freedom_of_conscience,law_appointed_bureaucrats,law_national_militia,law_national_guard,law_interventionism,law_mercantilism,law_proportional_taxation,law_homesteading,law_no_colonial_affairs,law_dedicated_police,law_public_schools,law_charitable_health_system,law_protected_speech,law_regulatory_bodies,law_compulsory_primary_school,law_women_own_property,law_poor_laws,law_no_migration_controls,law_slavery_banned,law_unitary
Switzerland,SWI,law_parliamentary_republic,law_universal_suffrage,law_cultural_exclusion,law_total_separation,law_appointed_bureaucrats,law_national_militia,law_no_home_affairs,law_interventionism,law_protectionism,law_proportional_taxation,law_homesteading,law_no_colonial_affairs,law_local_police,law_public_schools,law_public_health_insurance,law_protected_speech,law_regulatory_bodies,law_compulsory_primary_school,law_women_own_property,law_old_age_pension,law_migration_controls,law_slavery_banned,law_confederated
Togoland,TOG,law_presidential_republic,law_autocracy,law_racial_segregation,law_freedom_of_conscience,law_appointed_bureaucrats,law_professional_army,law_no_home_affairs,law_extraction_economy,law_mercantilism,law_per_capita_based_taxation,law_tenant_farmers,law_no_colonial_affairs,law_local_police,law_religious_schools,law_charitable_health_system,law_censorship,law_no_workers_rights,law_child_labor_allowed,law_women_own_property,law_no_social_security,law_no_migration_controls,law_slavery_banned,law_unitary
Tripolitania,TRI,law_presidential_republic,law_autocracy,law_racial_segregation,law_freedom_of_conscience,law_appointed_bureaucrats,law_professional_army,law_no_home_affairs,law_extraction_economy,law_mercantilism,law_per_capita_based_taxation,law_tenant_farmers,law_no_colonial_affairs,law_local_police,law_religious_schools,law_charitable_health_system,law_censorship,law_no_workers_rights,law_child_labor_allowed,law_no_womens_rights,law_no_social_security,law_no_migration_controls,law_slavery_banned,law_unitary
Trucial States,ABU,law_monarchy,law_autocracy,law_racial_segregation,law_state_religion,law_hereditary_bureaucrats,law_peasant_levies,law_no_home_affairs,law_traditionalism,law_mercantilism,law_land_based_taxation,law_tenant_farmers,law_no_colonial_affairs,law_local_police,law_religious_schools,law_no_health_system,law_censorship,law_no_workers_rights,law_child_labor_allowed,law_no_womens_rights,law_no_social_security,law_no_migration_controls,law_slavery_banned,law_federated
Union of South Africa,SAF,law_parliamentary_republic,law_census_voting,law_racial_segregation,law_freedom_of_conscience,law_appointed_bureaucrats,law_professional_army,law_national_guard,law_agrarianism,law_mercantilism,law_per_capita_based_taxation,law_homesteading,law_no_colonial_affairs,law_dedicated_police,law_religious_schools,law_charitable_health_system,law_right_of_assembly,law_no_workers_rights,law_restricted_child_labor,law_women_own_property,law_poor_laws,law_no_migration_controls,law_slavery_banned,law_devolved
United States,USA,law_presidential_republic,law_census_voting,law_racial_segregation,law_total_separation,law_appointed_bureaucrats,law_national_militia,law_national_guard,law_laissez_faire,law_protectionism,law_proportional_taxation,law_homesteading,law_no_colonial_affairs,law_dedicated_police,law_public_schools,law_private_health_insurance,law_protected_speech,law_regulatory_bodies,law_child_labor_allowed,law_women_own_property,law_poor_laws,law_migration_controls,law_slavery_banned,law_federated
Uruguay,URU,law_presidential_republic,law_universal_suffrage,law_cultural_exclusion,law_freedom_of_conscience,law_appointed_bureaucrats,law_national_militia,law_no_home_affairs,law_interventionism,law_mercantilism,law_per_capita_based_taxation,law_tenant_farmers,law_no_colonial_affairs,law_no_police,law_public_schools,law_charitable_health_system,law_right_of_assembly,law_regulatory_bodies,law_restricted_child_labor,law_women_own_property,law_wage_subsidies,law_no_migration_controls,law_slavery_banned,law_unitary
Venezuela,VNZ,law_presidential_republic,law_oligarchy,law_cultural_exclusion,law_freedom_of_conscience,law_appointed_bureaucrats,law_professional_army,law_secret_police,law_interventionism,law_mercantilism,law_per_capita_based_taxation,law_tenant_farmers,law_no_colonial_affairs,law_local_police,law_public_schools,law_no_health_system,law_censorship,law_no_workers_rights,law_child_labor_allowed,law_women_own_property,law_no_social_security,law_no_migration_controls,law_slavery_banned,law_unitary