Name,Tag,Color,Tier,Cultures,Religion,Capital,Named from Capital,Is Dynamic,Country Type
Absaroka,ABS,199 102 22,principality,siouan,,STATE_MONTANA,FALSE,FALSE,
Trucial States,ABU,113 112 96,principality,bedouin,,STATE_ABU_DHABI,TRUE,FALSE,
Aceh,ACE,73 152 76,principality,sumatran,,STATE_ACEH,TRUE,FALSE,
Acholi,ACH,166 225 217,principality,luo lacustrine_bantu,,STATE_UGANDA,FALSE,FALSE,
Adagh,ADG,215 132 165,principality,tuareg,,STATE_TIMBUKTU,FALSE,FALSE,
Afghanistan,AFG,92 148 152,principality,pashtun tajik,,STATE_KABUL,FALSE,FALSE,
Free State,AFS,130 23 47,principality,bakongo,,STATE_BAS_CONGO,FALSE,FALSE,
Angola Janga,AGJ,111 56 200,kingdom,afro_brazilian,,STATE_PERNAMBUCO,FALSE,FALSE,
Ahaggar,AHG,138 168 70,principality,tuareg,,STATE_EAST_SAHARA,FALSE,FALSE,
Anhui,AHU,187 126 224,kingdom,han,,STATE_SOUTHERN_ANHUI,FALSE,FALSE,
Ainu Mosir,AIN,201 197 124,principality,ainu,,STATE_HOKKAIDO,FALSE,FALSE,
Air,AIR,30 31 162,principality,tuareg,,STATE_NIGER,FALSE,FALSE,
Ait Abbas,AIT,255 255 153,principality,berber,,STATE_CONSTANTINE,FALSE,FALSE,
Albania,ALB,181 72 106,principality,albanian,,STATE_ALBANIA,TRUE,FALSE,
Algeria,ALD,220 202 96,kingdom,maghrebi berber,,STATE_ALGIERS,FALSE,FALSE,
Los Altos,ALT,115 251 194,principality,central_american,,STATE_GUATEMALA,FALSE,FALSE,
Amazonia,AMZ,42 102 64,kingdom,amazonian,,STATE_AMAZONAS,FALSE,FALSE,
Portuguese Angola,ANG,202 196 176,principality,portuguese,,STATE_NORTH_ANGOLA,,FALSE,colonial
Anhalt,ANH,203 93 124,principality,german,,STATE_ANHALT,TRUE,FALSE,
Ankole,ANK,126 162 98,principality,baganda lacustrine_bantu,,STATE_UGANDA,FALSE,FALSE,
Andalusia,ANL,135 199 26,principality,spanish,,STATE_ANDALUSIA,TRUE,FALSE,
Aotearoa,AOT,47 140 191,kingdom,maori,,STATE_NORTH_ISLAND,FALSE,FALSE,
Apache,APC,198 158 109,principality,apache,,STATE_NEW_MEXICO,FALSE,FALSE,
Arabia,ARA,66 111 19,empire,mashriqi bedouin misri yemenite,,STATE_HEDJAZ,FALSE,FALSE,
Argentina,ARG,101 102 163,kingdom,argentine,,STATE_BUENOS_AIRES,FALSE,FALSE,
Armenia,ARM,128 63 128,kingdom,armenian,,STATE_ARMENIA,TRUE,FALSE,
Arapaho,ARP,223 204 125,principality,siouan,,STATE_COLORADO,FALSE,FALSE,
New Africa,ASA,212 100 141,kingdom,afro_american,,STATE_GEORGIA,FALSE,FALSE,
Ashanti,ASH,97 98 195,kingdom,akan,,STATE_GHANA,FALSE,FALSE,
Assam,ASM,163 5 77,principality,assamese,,STATE_ASSAM,FALSE,FALSE,
Assyria,ASS,111 56 200,kingdom,assyrian,,STATE_MOSUL,FALSE,FALSE,
Australia,AST,77 139 106,kingdom,australian,,STATE_NEW_SOUTH_WALES,FALSE,FALSE,colonial
Athabaska,ATB,88 105 137,principality,athabaskan,,STATE_NORTHWEST_TERRITORIES,FALSE,FALSE,
Austria,AUS,211 220 240,empire,german hungarian,,STATE_AUSTRIA,FALSE,FALSE,
Awadh,AWA,119 130 145,principality,avadhi,,STATE_AWADH,FALSE,FALSE,
Aussa,AWS,125 125 100,principality,afar tigray,,STATE_GONDER,FALSE,FALSE,
Anyi,AYI,131 210 34,principality,akan,,STATE_IVORY_COAST,FALSE,FALSE,
Aymara,AYM,173 211 239,principality,aimara,,STATE_LA_PAZ,FALSE,FALSE,
Azerbaijan,AZB,172 56 32,kingdom,azerbaijani,,STATE_AZERBAIJAN,TRUE,FALSE,
Baden,BAD,118 229 215,grand_principality,german,,STATE_BADEN,TRUE,FALSE,
Bahamas,BAH,0 119 140,principality,afro_caribbean,,STATE_BAHAMAS,TRUE,FALSE,
Bali,BAL,201 97 74,principality,balinese moluccan,,STATE_SUNDA_ISLANDS,FALSE,FALSE,
Bastar,BAS,110 173 129,principality,telegu,,STATE_NAGPUR,FALSE,FALSE,
Bavaria,BAV,121 175 235,kingdom,german,,STATE_BAVARIA,TRUE,FALSE,
Belgium,BEL,235 200 127,kingdom,belgian,,STATE_FLANDERS,FALSE,FALSE,
Benin,BEN,110 173 129,principality,edo,,STATE_BENIN,FALSE,FALSE,
Baroda,BER,120 77 119,principality,gujarati,,STATE_GUJARAT,FALSE,FALSE,
Bagirmi,BGI,64 124 157,principality,baguirmi,,STATE_WADDAI,FALSE,FALSE,
Bengal,BGL,36 109 194,principality,bengali bihari,,STATE_SOUTH_BENGAL,FALSE,FALSE,
Begemder,BGM,228 243 104,principality,amhara oromo tigray,,STATE_AMHARA,FALSE,FALSE,
Bahia,BHI,197 206 191,principality,nordestino,,STATE_BAHIA,FALSE,FALSE,
Bahrain,BHN,169 51 51,principality,bedouin,,STATE_ABU_DHABI,FALSE,FALSE,
Bhopal,BHO,154 129 35,principality,marathi,,STATE_CENTRAL_INDIA,FALSE,FALSE,
India,BHT,255 140 0,hegemony,baluchi pashtun north_indian south_indian central_indian west_indian east_indian,,STATE_DELHI,FALSE,FALSE,
Bhutan,BHU,93 180 76,principality,tibetan,,STATE_HIMALAYAS,FALSE,FALSE,
East India,BIC,188 113 61,principality,british,,STATE_DELHI,FALSE,FALSE,colonial
Bikaner,BIK,255 208 170,principality,rajput,,STATE_RAJPUTANA,FALSE,FALSE,
Beja,BJA,140 65 135,principality,beja,,STATE_DONGOLA,FALSE,FALSE,
Bilua,BLA,140 166 75,principality,melanesian,,STATE_SOLOMON_ISLANDS,FALSE,FALSE,
Baule,BLE,218 104 44,principality,akan,,STATE_WINDWARD_COAST,FALSE,FALSE,
Niitsitapi,BLF,49 72 153,principality,siouan,,STATE_ALBERTA,FALSE,FALSE,
Bulungan,BLG,140 166 75,principality,bornean,,STATE_EAST_BORNEO,FALSE,FALSE,
Baluchistan,BLH,125 47 47,kingdom,baluchi,,STATE_BALUCHISTAN,FALSE,FALSE,
British Belize,BLZ,23 22 150,principality,british,,STATE_GUATEMALA,,FALSE,colonial
Bemba,BMB,192 90 121,principality,lacustrine_bantu,,STATE_KAZEMBE,FALSE,FALSE,
Bamum,BMM,197 201 163,principality,equatorial_bantu,,STATE_NORTH_CAMEROON,FALSE,FALSE,
Bundu,BND,60 118 54,principality,fulbe mande,,STATE_GAMBIA,FALSE,FALSE,
Bangala,BNG,41 135 135,principality,mongo fluvian_bantu,,STATE_EQUATEUR,FALSE,FALSE,
Banjar,BNJ,171 175 40,principality,bornean,,STATE_EAST_BORNEO,FALSE,FALSE,
Bunyoro,BNY,174 24 66,principality,baganda lacustrine_bantu,,STATE_UGANDA,FALSE,FALSE,
Bobangi,BOB,211 149 112,principality,mongo bakongo,,STATE_EQUATEUR,FALSE,FALSE,
Bohemia,BOH,161 139 40,principality,czech,,STATE_BOHEMIA,TRUE,FALSE,
Bohemia,BOL,219 182 182,kingdom,bolivian,,STATE_LA_PAZ,FALSE,FALSE,
Bornu,BOR,30 131 162,principality,kanuri,,STATE_BORNU,FALSE,FALSE,
Bosnia-Herzegovina,BOS,240 167 130,principality,bosniak,,STATE_BOSNIA,TRUE,FALSE,
Brunswick,BRA,116 92 39,principality,german,,STATE_BRUNSWICK,TRUE,FALSE,
Burundi,BRD,21 191 16,principality,rundi,,STATE_TANGANYIKA,FALSE,FALSE,
Bremen,BRE,33 101 137,city_state,german,,STATE_ELBE,FALSE,FALSE,
Borgu,BRG,218 231 235,principality,mande fulbe,,STATE_HAUSALAND,FALSE,FALSE,
Brittany,BRI,215 195 225,principality,breton,,STATE_BRITTANY,TRUE,FALSE,
Borana,BRN,236 236 104,principality,oromo,,STATE_AMHARA,FALSE,FALSE,
Brunei,BRU,41 89 174,principality,malay,,STATE_NORTH_BORNEO,FALSE,FALSE,
Brazil,BRZ,39 156 84,empire,brazilian,,STATE_RIO_DE_JANEIRO,FALSE,FALSE,
British Somaliland,SLD,146 043 062,kingdom,british,,STATE_SOMALILAND,,FALSE,colonial
Bassa,BSS,203 48 37,principality,bassa,,STATE_LIBERIA,FALSE,FALSE,
Basuto,BST,137 106 217,principality,sotho,,STATE_ZULULAND,FALSE,FALSE,
Batonga,BTG,200 193 108,principality,tonga,,STATE_LOURENCO_MARQUES,FALSE,FALSE,
Buton,BTN,209 203 31,principality,moluccan,,STATE_CELEBES,FALSE,FALSE,
Buganda,BUG,21 21 227,principality,baganda,,STATE_UGANDA,FALSE,FALSE,
Bukhara,BUK,147 82 173,principality,uzbek,,STATE_UZBEKIA,FALSE,FALSE,
Bulgaria,BUL,116 107 140,kingdom,bulgarian,,STATE_NORTHERN_THRACE,FALSE,FALSE,
Bundelkhand,BUN,23 114 143,principality,kanauji,,STATE_CENTRAL_INDIA,FALSE,FALSE,
Burma,BUR,109 168 127,kingdom,burmese,,STATE_BURMA,FALSE,FALSE,
Belarus,BYE,172 170 170,kingdom,byelorussian,,STATE_MINSK,FALSE,FALSE,
Byzantium,BYZ,147 82 173,empire,greek,,STATE_EASTERN_THRACE,FALSE,FALSE,
California,CAL,144 181 106,principality,euro_american mexican,,STATE_CALIFORNIA,FALSE,FALSE,
Cambodia,CAM,127 180 60,kingdom,khmer,,STATE_CAMBODIA,FALSE,FALSE,
Canada,CAN,94 117 55,kingdom,anglo_canadian franco_canadian,,STATE_ONTARIO,FALSE,FALSE,colonial
Castile,CAS,199 179 66,kingdom,spanish,,STATE_TOLEDO,TRUE,FALSE,
Catalonia,CAT,213 132 76,principality,catalan,,STATE_CATALONIA,TRUE,FALSE,
Transcaucasia,CAU,200 100 55,empire,azerbaijani armenian georgian,,STATE_GREATER_CAUCASUS,FALSE,FALSE,
Cayor,CAY,189 187 166,principality,wolof,,STATE_SENEGAL,FALSE,FALSE,
O'odham Country,CCM,156 171 67,principality,oodham,,STATE_CHIHUAHUA,FALSE,FALSE,
Ceylon,CEY,156 47 47,principality,british,,STATE_CEYLON,FALSE,FALSE,colonial
Chechnya,CHC,35 52 48,principality,north_caucasian,,STATE_DAGESTAN,FALSE,FALSE,
Cherokee,CHE,105 145 40,principality,cherokee,,STATE_ARKANSAS,FALSE,FALSE,
China,CHI,252 185 61,empire,han,,STATE_BEIJING,FALSE,FALSE,
Chokwe,CHK,99 160 39,principality,lunda ovimbundu,,STATE_EAST_ANGOLA,FALSE,FALSE,
Chile,CHL,236 159 89,kingdom,chilean,,STATE_SANTIAGO,FALSE,FALSE,
Champassak,CHP,75 112 99,principality,lao,,STATE_LAOS,FALSE,FALSE,
Chewa,CHW,116 157 102,principality,chewa,,STATE_KAZEMBE,FALSE,FALSE,
Circassia,CIR,75 96 55,principality,circassian,,STATE_KUBAN,FALSE,FALSE,
Carolina,CLI,135 113 196,kingdom,euro_american,,STATE_NORTH_CAROLINA,FALSE,FALSE,
Colombia,CLM,255 234 168,kingdom,colombian,,STATE_CUNDINAMARCA,FALSE,FALSE,
Chiang Mai,CMI,17 16 203,principality,thai shan,,STATE_CHIANG_MAI,FALSE,FALSE,
German Cameroon,CMR,071 074 081,principality,german,,STATE_SOUTH_CAMEROON,,FALSE,colonial
Cornwall,CNW,194 94 63,principality,british,,STATE_WEST_COUNTRY,FALSE,FALSE,
Saxe-Coburg-Gotha,COB,180 137 148,principality,german,,STATE_SAXONY,FALSE,FALSE,
Columbia,COL,198 113 133,principality,british,,STATE_BRITISH_COLUMBIA,FALSE,FALSE,
Comanche,COM,96 57 19,principality,comanche,,STATE_TEXAS,FALSE,FALSE,
Constantine,CON,0228 3 16,principality,maghrebi berber,,STATE_CONSTANTINE,FALSE,FALSE,
Corsica,COR,68 242 236,principality,corsican,,STATE_CORSICA,FALSE,FALSE,
Costa Rica,COS,207 72 60,principality,central_american,,STATE_COSTA_RICA,TRUE,FALSE,
Crete,CRE,165 111 159,principality,greek,,STATE_CRETE,TRUE,FALSE,
Crimea,CRI,200 202 85,principality,tatar,,STATE_CRIMEA,TRUE,FALSE,
Croatia,CRO,174 227 95,kingdom,croat,,STATE_CROATIA,TRUE,FALSE,
Confederate States of America,CSA,190 186 202,kingdom,euro_american,,STATE_VIRGINIA,FALSE,FALSE,
Cascadia,CSC,105 152 73,principality,salish,,STATE_BRITISH_COLUMBIA,FALSE,FALSE,
Council of Three Fires,CTF,220 147 37,principality,algonquian,,STATE_MICHIGAN,FALSE,FALSE,
Santa Catarina,CTR,223 249 104,principality,sulista,,STATE_SANTA_CATARINA,FALSE,FALSE,
Cuba,CUB,87 192 204,principality,caribeno,,STATE_CUBA,TRUE,FALSE,
Cyprus,CYP,78 75 39,principality,greek,,STATE_CYPRUS,TRUE,FALSE,
Czechoslovakia,CZH,43 89 202,kingdom,czech slovak,,STATE_BOHEMIA,FALSE,FALSE,
Dagestan,DAG,56 172 32,kingdom,north_caucasian,,STATE_DAGESTAN,TRUE,FALSE,
Dahomey,DAH,11 84 179,principality,fon,,STATE_DAHOMEY,FALSE,FALSE,
Dai Nam,DAI,136 117 90,kingdom,vietnamese,,STATE_TONKIN,FALSE,FALSE,
Dar al Kuti,DAK,123 134 74,principality,fur equatorial_bantu,,STATE_UBANGI_SHARI,FALSE,FALSE,
East Indies,DEI,20 80 80,principality,dutch,,STATE_WEST_JAVA,FALSE,FALSE,colonial
Denmark,DEN,128 25 27,kingdom,danish,,STATE_ZEALAND,FALSE,FALSE,
Deseret,DES,125 92 110,principality,euro_american mexican,,STATE_UTAH,FALSE,FALSE,
Darfur,DFR,44 160 70,principality,fur bedouin,,STATE_DARFUR,FALSE,FALSE,
Dar Fertit,DFT,167 92 56,principality,equatorial_bantu azande,,STATE_EQUATORIA,FALSE,FALSE,
Dakota,DKT,68 14 98,principality,dakota,,STATE_MINNESOTA,FALSE,FALSE,
Duala,DLA,22 121 17,principality,equatorial_bantu,,STATE_SOUTH_CAMEROON,FALSE,FALSE,
Dinka,DNK,78 99 75,principality,dinka,,STATE_EQUATORIA,FALSE,FALSE,
Santo Domingo,DOM,93 194 122,principality,caribeno afro_caribeno,,STATE_SANTO_DOMINGO,TRUE,FALSE,
Don Cossack Host,DON,245 221 42,principality,russian ukrainian,,STATE_ROSTOV,FALSE,FALSE,
Danzig,DZG,78 129 151,city_state,german,,STATE_WEST_PRUSSIA,FALSE,FALSE,
Ecuador,ECU,43 141 172,principality,ecuadorian,,STATE_ECUADOR,TRUE,FALSE,
Egypt,EGY,255 205 155,kingdom,arab,,STATE_LOWER_EGYPT,FALSE,FALSE,
El Salvador,ELS,0 47 94,principality,central_american,,STATE_SAN_SALVADOR,TRUE,FALSE,
England,ENG,180 99 58,kingdom,british,,STATE_HOME_COUNTIES,FALSE,FALSE,
Emirate of Transjordan,EOT,0212 11 27,principality,mashriqi bedouin,,STATE_TRANSJORDAN,FALSE,FALSE,
Confederation of the Equator,EQT,168 193 183,principality,nordestino,,STATE_PERNAMBUCO,FALSE,FALSE,
Equatoria,EQU,236 173 104,principality,nilotic,,STATE_EQUATORIA,FALSE,FALSE,
Estonia,EST,179 29 100,principality,estonian,,STATE_ESTONIA,FALSE,FALSE,
Ethiopia,ETH,56 120 191,empire,amhara oromo tigray,,STATE_OROMIA,FALSE,FALSE,
Ewe,EWE,210 34 131,principality,ewe,,STATE_TOGO,FALSE,FALSE,
Ezo,EZO,129 40 147,principality,japanese ainu,,STATE_HOKKAIDO,FALSE,FALSE,
French East Africa,EQA,031 052 056,principality,french,,STATE_SENEGAL,,FALSE,colonial
Kamchatka,FER,207 25 25,principality,siberian inuit,,STATE_OKHOTSK,FALSE,FALSE,
Finland,FIN,205 212 228,grand_principality,finnish,,STATE_SOUTHERN_FINLAND,FALSE,FALSE,
Fiji,FJI,159 173 219,principality,melanesian,,STATE_FIJI,FALSE,FALSE,
Flanders,FLA,43 141 172,principality,flemish,,STATE_FLANDERS,TRUE,FALSE,
Florida,FLR,255 198 142,principality,euro_american,,STATE_FLORIDA,FALSE,FALSE,
Federation of the Andes,FND,220 220 245,hegemony,north_andean south_andean,,STATE_PANAMA,FALSE,FALSE,
Fang,FNG,193 170 57,principality,fang,,STATE_GABON,FALSE,FALSE,
France,FRA,20 50 210,empire,french,,STATE_ILE_DE_FRANCE,FALSE,FALSE,
Frankfurt,FRM,243 201 33,city_state,german,,STATE_HESSE,FALSE,FALSE,
Formosa,FRS,218 234 15,principality,min,,STATE_FORMOSA,TRUE,FALSE,
Free States of America,FSA,106 124 243,kingdom,euro_american mexican,,STATE_NEW_YORK,FALSE,FALSE,
French Somaliland,DJB,130 108 052,kingdom,french,,STATE_ERITREA,,FALSE,colonial
Futa Jallon,FTJ,230 125 127,principality,fulbe,,STATE_GUINEA,FALSE,FALSE,
Futa Toro,FTR,115 204 102,principality,fulbe wolof,,STATE_SENEGAL,FALSE,FALSE,
French West Africa,WAF,158 151 100,principality,french,,STATE_SENEGAL,,FALSE,colonial
Galicia-Lodomeria,GAL,13 81 130,principality,ukrainian polish,,STATE_EAST_GALICIA,FALSE,FALSE,
Gold Coast,GHA,000 187 045,kingdom,british,,STATE_GHANA,,FALSE,colonial
Gao,GAO,62 175 151,principality,songhai,,STATE_TIMBUKTU,FALSE,FALSE,
Great Britain,GBR,215 0 0,empire,british scottish,,STATE_HOME_COUNTIES,FALSE,FALSE,
Gran Colombia,GCO,255 244 100,empire,north_andean,,STATE_CUNDINAMARCA,FALSE,FALSE,
Georgia,GEO,210 45 45,kingdom,georgian,,STATE_GREATER_CAUCASUS,TRUE,FALSE,
Germany,GER,90 80 67,empire,german,,STATE_BRANDENBURG,FALSE,FALSE,
Gogo,GGO,244 228 166,principality,lacustrine_bantu,,STATE_LINDI,FALSE,FALSE,
Gojjam,GJM,191 147 79,principality,amhara oromo,,STATE_AMHARA,FALSE,FALSE,
Geledi,GLD,38 160 67,principality,somali,,STATE_SOMALILAND,FALSE,FALSE,
Galicia,GLI,125 243 255,principality,galician,,STATE_GALICIA,FALSE,FALSE,
Gamilaraay,GML,91 191 83,principality,aborigine,,STATE_NEW_SOUTH_WALES,FALSE,FALSE,
Da Cheng,GNG,133 56 8,kingdom,han yue zhuang,,STATE_GUANGXI,FALSE,FALSE,
Guarani,GNI,73 139 166,principality,guarani,,STATE_ALTO_PARAGUAY,FALSE,FALSE,
Greece,GRE,122 180 210,kingdom,greek,,STATE_ATTICA,FALSE,FALSE,
Georgia,GRG,181 0 39,principality,euro_american,,STATE_GEORGIA,FALSE,FALSE,
Guarani,GRI,203 32 83,kingdom,guarani,,STATE_AMAZONAS,FALSE,FALSE,
Greenland,GRN,27 133 34,principality,danish inuit,,STATE_GREENLAND,TRUE,FALSE,
Guatemala,GUA,115 194 251,principality,central_american,,STATE_GUATEMALA,TRUE,FALSE,
Guizhou,GUI,37 102 37,kingdom,han,,STATE_GUIZHOU,FALSE,FALSE,
Gwalior,GWA,157 200 42,principality,marathi,,STATE_CENTRAL_INDIA,FALSE,FALSE,
Gaza,GZA,191 154 108,principality,nguni,,STATE_LOURENCO_MARQUES,FALSE,FALSE,
Haiti,HAI,139 179 207,principality,afro_antillean,,STATE_HAITI,FALSE,FALSE,
Hamburg,HAM,104 148 71,city_state,german,,STATE_ELBE,FALSE,FALSE,
Hanover,HAN,164 217 127,kingdom,german,,STATE_HANNOVER,TRUE,FALSE,
Harar,HAR,175 75 15,principality,somali amhara,,STATE_OROMIA,FALSE,FALSE,
Gobir,HAU,225 185 85,principality,hausa,,STATE_OUTER_HAUSALAND,FALSE,FALSE,
Hawaii,HAW,48 169 96,kingdom,hawaiian,,STATE_HAWAIIAN_ISLANDS,TRUE,FALSE,
Hudson Bay Company,HBC,99 91 69,principality,anglo_canadian,,STATE_MANITOBA,FALSE,FALSE,
Hedjaz,HDJ,121 229 215,principality,bedouin,,STATE_HEDJAZ,FALSE,FALSE,
Hesse-Kassel,HEK,150 55 75,principality,german,,STATE_HESSE,FALSE,FALSE,
Hesse,HES,146 108 146,grand_principality,german,,STATE_HESSE,TRUE,FALSE,
Hehe,HHE,126 84 131,principality,lacustrine_bantu,,STATE_LINDI,FALSE,FALSE,
Halia,HLA,210 184 220,principality,melanesian,,STATE_BOUGAINVILLE,FALSE,FALSE,
Hemba,HMB,180 146 150,principality,fluvian_bantu,,STATE_CONGO_ORIENTALE,FALSE,FALSE,
Hunan,HNA,126 164 224,kingdom,han,,STATE_HUNAN,FALSE,FALSE,
India,HND,150 77 240,empire,kanauji marathi bihari tamil oriya gujarati,,STATE_DELHI,FALSE,FALSE,
Hobyo,HOB,255 73 7,principality,somali,,STATE_SOMALILAND,FALSE,FALSE,
Hohenzollern,HOH,48 169 96,principality,german,,STATE_WURTTEMBERG,FALSE,FALSE,
Holstein,HOL,220 150 158,principality,german,,STATE_SCHLESWIG_HOLSTEIN,TRUE,FALSE,
Honduras,HON,235 240 247,principality,central_american,,STATE_HONDURAS,TRUE,FALSE,
Central Europe,HRE,250 250 245,hegemony,german czech dutch flemish wallonian alemannic italian slovene,,STATE_AUSTRIA,FALSE,FALSE,
Herero,HRO,221 140 40,principality,herero khoisan,,STATE_HEREROLAND,FALSE,FALSE,
Hathawaddy,HTH,140 210 160,principality,mon,,STATE_PEGU,FALSE,FALSE,
Hungary,HUN,152 85 92,kingdom,hungarian,,STATE_CENTRAL_HUNGARY,FALSE,FALSE,
Hyderabad,HYD,89 141 140,principality,avadhi,,STATE_HYDERABAD,TRUE,FALSE,
Hazarajat,HZJ,236 159 90,principality,hazara,,STATE_WESTERN_AFGHANISTAN,FALSE,FALSE,
Iberia,IBE,250 181 0,empire,spanish catalan portuguese basque galician,,STATE_TOLEDO,FALSE,FALSE,
IBL,IBL,142 134 187,principality,ibibio,,STATE_NIGER_DELTA,FALSE,FALSE,
Igbo,IBO,119 24 85,principality,ibo,,STATE_NIGER_DELTA,FALSE,FALSE,
Indo-China,ICH,244 070 017,kingdom,french,,STATE_TONKIN,,FALSE,colonial
Iceland,ICL,62 129 155,principality,icelandic,,STATE_ICELAND,TRUE,FALSE,
Indonesia,IDN,0 128 128,empire,balinese batak bornean dayak javan malay moluccan sumatran,,STATE_WEST_JAVA,FALSE,FALSE,
Indore,IND,128 170 63,principality,marathi,,STATE_CENTRAL_INDIA,FALSE,FALSE,
Ionian Islands,ION,153 141 117,principality,greek,,STATE_IONIAN_ISLANDS,TRUE,FALSE,
Iquicha,IQU,245 210 80,principality,quechua,,STATE_ICA,FALSE,FALSE,
Iron Confederacy,IRC,61 158 124,principality,cree siouan,,STATE_SASKATCHEWAN,FALSE,FALSE,
Ireland,IRE,112 150 105,kingdom,irish,,STATE_LEINSTER,FALSE,FALSE,
Haudenosaunee,IRO,87 182 80,principality,iroquoian,,STATE_NEW_YORK,FALSE,FALSE,
Iraq,IRQ,122 132 110,kingdom,mashriqi,,STATE_BAGHDAD,FALSE,FALSE,
Isaaq,ISQ,224 255 182,principality,somali,,STATE_SOMALILAND,FALSE,FALSE,
Israel,ISR,150 212 214,principality,ashkenazi sephardic,,STATE_PALESTINE,FALSE,FALSE,
Italy,ITA,56 146 52,empire,italian,,STATE_LAZIO,FALSE,FALSE,
Kazan,IUS,11 115 39,principality,tatar,,STATE_KAZAN,FALSE,FALSE,
Jabal Shammar,JAB,183 62 62,principality,bedouin,,STATE_HAIL,FALSE,FALSE,
Jaipur,JAI,79 89 182,principality,rajput,,STATE_RAJPUTANA,FALSE,FALSE,
Jamaica,JAM,50 84 11,principality,afro_caribbean,,STATE_JAMAICA,FALSE,FALSE,
Jan Mayen,JAN,17 225 48,city_state,norwegian,,STATE_NORTHERN_NORWAY,FALSE,FALSE,
Japan,JAP,255 255 255,empire,japanese,,STATE_KANTO,FALSE,FALSE,
Jaisalmer,JAS,99 137 153,principality,rajput,,STATE_RAJPUTANA,FALSE,FALSE,
Java,JAV,164 217 127,principality,javan,,STATE_WEST_JAVA,TRUE,FALSE,
Jolof,JLF,215 215 125,principality,wolof,,STATE_SENEGAL,FALSE,FALSE,
Jambi,JMB,223 228 192,principality,sumatran,,STATE_NORTH_SUMATRA,FALSE,FALSE,
Jodhpur,JOD,104 207 140,principality,rajput,,STATE_RAJPUTANA,FALSE,FALSE,
Johore,JOH,165 151 80,principality,malay,,STATE_MALAYA,FALSE,FALSE,
Kalat,KAL,97 98 195,principality,baluchi,,STATE_BALUCHISTAN,FALSE,FALSE,
Kashmir,KAS,63 150 30,principality,kashmiri,,STATE_KASHMIR,FALSE,FALSE,
Kathiri,KAT,79 152 64,principality,bedouin yemenite,,STATE_YEMEN,FALSE,FALSE,
Kaurna,KAU,245 212 134,principality,aborigine,,STATE_SOUTH_AUSTRALIA,FALSE,FALSE,
Kazakhstan,KAZ,110 150 190,kingdom,kazak,,STATE_SEMIRECHE,FALSE,FALSE,
Kuba,KBA,159 60 189,principality,fluvian_bantu,,STATE_KASAI,FALSE,FALSE,
Kabadougou,KBD,117 36 54,principality,mande,,STATE_WINDWARD_COAST,FALSE,FALSE,
Kaabu,KBU,101 63 41,principality,mande,,STATE_GAMBIA,FALSE,FALSE,
British Kenya,KEN,00 66 00,kingdom,british,,STATE_KENYA,,FALSE,colonial
Kaffa,KFA,150 0 25,principality,sidama oromo,,STATE_AMHARA,FALSE,FALSE,
Khiva,KHI,188 123 103,principality,uzbek,,STATE_KHIVA,FALSE,FALSE,
Khmu,KHM,244 237 202,principality,khmu,,STATE_LAOS,FALSE,FALSE,
Kachin,KHN,130 186 198,principality,kachin,,STATE_KACHIN,FALSE,FALSE,
Kikuyu,KKY,169 52 90,principality,kikuyu,,STATE_KENYA,FALSE,FALSE,
Kalmykia,KLM,58 65 73,principality,kalmyk,,STATE_ASTRAKHAN,FALSE,FALSE,
Kalimantan,KLT,193 164 142,principality,bornean dayak,,STATE_WEST_BORNEO,FALSE,FALSE,
Kong,KNG,137 98 195,principality,dyula senufo,,STATE_IVORY_COAST,FALSE,FALSE,
Kanak,KNK,190 173 103,principality,melanesian,,STATE_KANAK,FALSE,FALSE,
Kokand,KOK,119 130 145,principality,kirgiz,,STATE_KIRGHIZIA,FALSE,FALSE,
Kongo,KON,199 160 139,principality,belgian,,STATE_BAS_CONGO,FALSE,FALSE,colonial
korean,KOR,157 144 97,kingdom,korean,,STATE_SEOUL,FALSE,FALSE,
Krakow,KRA,138 193 231,city_state,polish,,STATE_WEST_GALICIA,FALSE,FALSE,
Karagwe,KRG,48 177 169,principality,lacustrine_bantu baganda,,STATE_TANGANYIKA,FALSE,FALSE,
Karen,KRN,72 153 99,principality,karen,,STATE_PEGU,FALSE,FALSE,
Kaarta,KRT,127 28 45,principality,bambara,,STATE_WESTERN_MALI,FALSE,FALSE,
Kru,KRU,94 168 142,principality,kru,,STATE_WINDWARD_COAST,FALSE,FALSE,
Kasanje,KSN,102 105 101,principality,lunda ovimbundu,,STATE_EAST_ANGOLA,FALSE,FALSE,
Kissi,KSS,61 75 109,principality,kissi,,STATE_GUINEA,FALSE,FALSE,
Kutai,KTI,137 88 58,principality,bornean,,STATE_EAST_BORNEO,FALSE,FALSE,
Danubian State,KUK,124 40 30,empire,hungarian romanian croat czech slovak slovene,,STATE_CENTRAL_HUNGARY,FALSE,FALSE,
Kurdistan,KUR,192 245 71,kingdom,kurdish,,STATE_MOSUL,FALSE,FALSE,
Kutch,KUT,199 160 139,principality,gujarati,,STATE_GUJARAT,FALSE,FALSE,
Kishi Zhuz,KZH,90 120 120,principality,kazak,,STATE_URALSK,FALSE,FALSE,
Kazembe,KZM,202 217 170,principality,lunda,,STATE_KAZEMBE,FALSE,FALSE,
Ladakh,LAD,49 175 191,principality,tibetan,,STATE_KASHMIR,FALSE,FALSE,
Lahej,LAH,209 41 41,principality,bedouin yemenite,,STATE_YEMEN,FALSE,FALSE,
Lanfang,LAN,141 89 174,principality,hakka,,STATE_WEST_BORNEO,FALSE,FALSE,
Laos,LAO,188 15 45,kingdom,lao,,STATE_LAOS,TRUE,FALSE,
Latvia,LAT,99 137 153,principality,latvian,,STATE_RIGA,FALSE,FALSE,
Luba,LBA,42 63 153,principality,luba,,STATE_KATANGA,FALSE,FALSE,
Italian Libya,LBY,157 145 001,kingdom,italian,,STATE_TRIPOLI,,FALSE,
Lebanon,LEB,18 201 27,principality,mashriqi,,STATE_LEBANON,FALSE,FALSE,
Lega,LGA,175 103 31,principality,fluvian_bantu,,STATE_CONGO_ORIENTALE,FALSE,FALSE,
Liberia,LIB,193 138 83,principality,afro_american,,STATE_LIBERIA,TRUE,FALSE,
Lippe,LIP,203 62 185,principality,german,,STATE_WESTPHALIA,FALSE,FALSE,
Lithuania,LIT,154 69 116,principality,lithuanian,,STATE_LITHUANIA,FALSE,FALSE,
Lakota,LKT,198 114 168,principality,dakota,,STATE_SOUTH_DAKOTA,FALSE,FALSE,
Lomwe,LMW,201 10 48,principality,lomwe,,STATE_MOCAMBIQUE,FALSE,FALSE,
Lunda,LND,199 60 39,principality,lunda ovimbundu,,STATE_EAST_ANGOLA,FALSE,FALSE,
Loango,LNG,200 202 85,principality,bakongo,,STATE_CONGO,FALSE,FALSE,
Lombardia,LOM,146 108 146,principality,italian,,STATE_LOMBARDY,TRUE,FALSE,
Louisiana,LOU,53 52 144,principality,cajun afro_antillean,,STATE_LOUISIANA,FALSE,FALSE,
Luang Prabang,LUA,93 147 88,principality,lao,,STATE_LAOS,FALSE,FALSE,
Rio Grande,LUB,48 164 51,city_state,german,,STATE_SCHLESWIG_HOLSTEIN,FALSE,FALSE,
Lucca,LUC,114 171 184,principality,italian,,STATE_EMILIA,FALSE,FALSE,
Luo,LUO,153 153 168,principality,luo,,STATE_RIFT_VALLEY,FALSE,FALSE,
Luxembourg,LUX,53 140 73,grand_principality,wallonian german,,STATE_WALLONIA,FALSE,FALSE,
Barotse,LZO,176 106 168,principality,kavango_bantu,,STATE_ZAMBIA,FALSE,FALSE,
Madagascar,MAD,117 150 120,kingdom,french,,STATE_NORTH_MADAGASCAR,FALSE,FALSE,colonial
Mahra,MAH,0 153 76,principality,bedouin yemenite,,STATE_YEMEN,FALSE,FALSE,
Makran,MAK,219 146 162,principality,baluchi,,STATE_BALUCHISTAN,FALSE,FALSE,
Mali,MAL,75 179 27,kingdom,bambara fulbe wolof mande,,STATE_WESTERN_MALI,FALSE,FALSE,
Mascara,MAS,0 129 48,principality,maghrebi berber,,STATE_ORAN,FALSE,FALSE,
Maya,MAY,98 88 142,kingdom,mayan,,STATE_YUCATAN,FALSE,FALSE,
Manchuria,MCH,255 254 124,kingdom,manchu,,STATE_SOUTHERN_MANCHURIA,TRUE,FALSE,
Michoacan,MCO,158 18 20,principality,tarascan,,STATE_JALISCO,FALSE,FALSE,
Micronesia,MCR,248 218 99,principality,micronesian,,STATE_EAST_MICRONESIA,FALSE,FALSE,
Mandinka,MDK,191 83 53,principality,mande,,STATE_GUINEA,FALSE,FALSE,
Mecklenburg,MEC,207 111 64,grand_principality,german,,STATE_MECKLENBURG,TRUE,FALSE,
Saxe-Meiningen,MEI,144 181 106,principality,german,,STATE_SAXONY,FALSE,FALSE,
Mewar,MEW,209 251 255,principality,rajput,,STATE_RAJPUTANA,FALSE,FALSE,
Mexico,MEX,56 143 53,kingdom,mexican,,STATE_MEXICO,TRUE,FALSE,
Maghreb,MGB,209 63 44,empire,maghrebi berber bidan,,STATE_TUNISIA,FALSE,FALSE,
Maguindanao,MGD,119 32 29,principality,moro,,STATE_MINDANAO,FALSE,FALSE,
Mongolia,MGL,255 224 124,kingdom,mongol,,STATE_URGA,FALSE,FALSE,
Majerteen,MJT,220 200 100,principality,somali,,STATE_SOMALILAND,FALSE,FALSE,
Miskitia,MKT,61 153 153,principality,miskito afro_caribbean,,STATE_NICARAGUA,FALSE,FALSE,
Makua,MKU,38 140 40,principality,makua,,STATE_MOCAMBIQUE,FALSE,FALSE,
Malta,MLT,28 146 136,city_state,maltese,,STATE_MALTA,FALSE,FALSE,
Mangbetu,MNB,75 129 182,principality,fluvian_bantu,,STATE_CONGO_ORIENTALE,FALSE,FALSE,
Manica,MNC,60 147 140,principality,shona,,STATE_ZAMBEZIA,FALSE,FALSE,
Minas Gerais,MNG,32 191 148,principality,brazilian,,STATE_MINAS_GERAIS,FALSE,FALSE,
Manipur,MNP,149 191 117,principality,manipuri,,STATE_ASSAM,FALSE,FALSE,
Modena,MOD,241 252 151,principality,italian,,STATE_EMILIA,FALSE,FALSE,
Moldavia,MOL,136 157 23,principality,romanian,,STATE_MOLDAVIA,TRUE,FALSE,
Montenegro,MON,39 108 140,principality,serb,,STATE_MONTENEGRO,TRUE,FALSE,
Morocco,MOR,224 146 113,kingdom,maghrebi berber,,STATE_FEZ,FALSE,FALSE,
Mossi,MOS,27 128 45,principality,mossi,,STATE_VOLTA,FALSE,FALSE,
Portuguese Mozambique,MOZ,217 080 048,principality,portuguese,,STATE_LOURENCO_MARQUES,,FALSE,colonial
Maravi,MRV,220 220 75,principality,chewa,,STATE_KAZEMBE,FALSE,FALSE,
Muscogee,MSC,108 139 208,principality,caddoan,,STATE_FLORIDA,FALSE,FALSE,
Mashona,MSH,193 189 151,principality,shona,,STATE_ZAMBEZI,FALSE,FALSE,
Masai,MSI,190 103 84,principality,maasai,,STATE_RIFT_VALLEY,FALSE,FALSE,
Maseko,MSK,75 75 148,principality,shona,,STATE_ZAMBEZIA,FALSE,FALSE,
Massina,MSN,230 231 62,principality,fulbe,,STATE_EASTERN_MALI,FALSE,FALSE,
Mecklenburg-Strelitz,MST,239 232 106,grand_principality,german,,STATE_MECKLENBURG,FALSE,FALSE,
Matabele,MTB,142 80 55,principality,nguni shona,,STATE_ZAMBEZI,FALSE,FALSE,
Michoacan,MTC,221 186 163,principality,metis,,STATE_MANITOBA,FALSE,FALSE,
Hindustan,MUG,48 96 48,empire,avadhi sindi kannada bengali,,STATE_DELHI,FALSE,FALSE,
Muisca,MUI,162 182 64,principality,muisca,,STATE_CUNDINAMARCA,FALSE,FALSE,
Mysore,MYS,184 193 89,principality,kannada,,STATE_MYSORE,TRUE,FALSE,
Nagpur,NAG,120 148 140,principality,marathi,,STATE_NAGPUR,TRUE,FALSE,
Anahuac,NAH,0 133 22,principality,nahua mixtec zapotec tarascan,,STATE_MEXICO,FALSE,FALSE,
Natalia,NAL,106 178 46,principality,boer,,STATE_ZULULAND,FALSE,FALSE,
Nama,NAM,49 119 34,principality,khoisan,,STATE_NAMAQUALAND,FALSE,FALSE,colonial
Nassau,NAS,107 94 169,principality,german,,STATE_HESSE,FALSE,FALSE,
Navarra,NAV,185 112 55,kingdom,basque,,STATE_NAVARRA,TRUE,FALSE,
Nuba,NBA,138 187 72,principality,nuba,,STATE_EQUATORIA,FALSE,FALSE,
New Brunswick,NBS,235 196 128,principality,anglo_canadian franco_canadian,,STATE_NEW_BRUNSWICK,FALSE,FALSE,
Mountain Republic,NCA,97 162 242,principality,north_caucasian,,STATE_KAZAN,FALSE,FALSE,
North Carolina,NCR,123 175 212,principality,euro_american,,STATE_NORTH_CAROLINA,FALSE,FALSE,
Nejd,NEJ,209 219 116,principality,bedouin,,STATE_NEJD,TRUE,FALSE,
New England,NEN,166 224 85,grand_principality,euro_american,,STATE_MASSACHUSETTS,FALSE,FALSE,
Nepal,NEP,137 183 124,kingdom,north_indian,,STATE_HIMALAYAS,FALSE,FALSE,
Netherlands,NET,204 95 41,kingdom,dutch,,STATE_HOLLAND,FALSE,FALSE,
Newfoundland,NEW,255 211 56,principality,anglo_canadian,,STATE_NEWFOUNDLAND,TRUE,FALSE,colonial
Nigeria,NGA,053 104 045,principality,british,,STATE_YORUBA_STATES,FALSE,FALSE,colonial
North German Federation,NGF,41 37 37,kingdom,german,,STATE_BRANDENBURG,FALSE,FALSE,
Nicaragua,NIC,34 88 186,principality,central_american,,STATE_NICARAGUA,TRUE,FALSE,
Noongar,NMA,0 155 66,kingdom,german,,STATE_HEREROLAND,,FALSE,
Nunavut,NNG,209 160 107,principality,aborigine,,STATE_WESTERN_AUSTRALIA,FALSE,FALSE,
Norway,NNV,205 214 216,principality,inuit,,STATE_NUNAVUT,FALSE,FALSE,
North Peru,NOR,117 165 188,kingdom,norwegian,,STATE_EASTERN_NORWAY,FALSE,FALSE,
South Peru,NPU,157 55 55,principality,south_andean,,STATE_LIMA,FALSE,FALSE,
Nauru,NRU,231 131 17,principality,melanesian,,STATE_NAURU,FALSE,FALSE,
New South Wales,NSW,114 165 203,principality,australian,,STATE_NEW_SOUTH_WALES,FALSE,FALSE,
Ngati Toa,NTO,148 185 190,principality,maori,,STATE_NORTH_ISLAND,FALSE,FALSE,
Ngai Tahu,NTU,62 92 54,principality,maori,,STATE_SOUTH_ISLAND,FALSE,FALSE,
Nuer,NUE,230 227 240,principality,nuer,,STATE_EQUATORIA,FALSE,FALSE,
Navajo,NVJ,126 180 154,principality,navajo,,STATE_ARIZONA,FALSE,FALSE,
Navajoland,NVL,126 180 154,principality,navajo,,STATE_ARIZONA,FALSE,FALSE,
Nova Scotia,NVS,148 205 135,principality,anglo_canadian,,STATE_NEW_BRUNSWICK,FALSE,FALSE,
Nyamwezi,NYM,164 125 26,principality,unyamwezi,,STATE_TANGANYIKA,FALSE,FALSE,
New Zealand,NZL,90 250 127,principality,australian,,STATE_NORTH_ISLAND,FALSE,FALSE,colonial
Nimiipuu,NZP,220 190 50,principality,nez_perce,,STATE_IDAHO,FALSE,FALSE,
Oaxaca,OAX,158 118 120,principality,zapotec mixtec,,STATE_OAXACA,FALSE,FALSE,
Occitania,OCC,101 50 253,principality,occitan,,STATE_LANGUEDOC,FALSE,FALSE,
Oldenburg,OLD,147 130 118,grand_principality,german,,STATE_HANNOVER,FALSE,FALSE,
Oman,OMA,98 134 153,principality,bedouin,,STATE_OMAN,TRUE,FALSE,
Ontario,ONT,136 72 91,principality,anglo_canadian,,STATE_ONTARIO,TRUE,FALSE,
Oranje,ORA,224 139 47,principality,boer,,STATE_VRYSTAAT,TRUE,FALSE,
Oregon,ORG,138 80 126,principality,euro_american anglo_canadian,,STATE_OREGON,FALSE,FALSE,
Orissa,ORI,210 106 47,principality,oriya,,STATE_ORISSA,TRUE,FALSE,
Orinoco,ORN,55 120 25,principality,cariban,,STATE_MIRANDA,FALSE,FALSE,
Oualata,OUA,113 95 122,principality,bidan,,STATE_INNER_MAURITANIA,FALSE,FALSE,
Ovimbundu,OVM,107 94 52,principality,ovimbundu,,STATE_SOUTH_ANGOLA,FALSE,FALSE,
Oyo,OYO,211 184 179,principality,yoruba,,STATE_YORUBA_STATES,FALSE,FALSE,
Orta Zhuz,OZH,80 80 100,principality,kazak,,STATE_SEMIRECHE,FALSE,FALSE,
Pakistan,PAK,164 157 96,empire,kashmiri panjabi sindi baluchi pashtun,,STATE_SINDH,FALSE,FALSE,
Palestine,PAL,0 142 76,principality,mashriqi,,STATE_PALESTINE,FALSE,FALSE,
Punjab,PAN,255 87 127,kingdom,panjabi,,STATE_PUNJAB,TRUE,FALSE,
Rome,PAP,211 220 178,kingdom,italian,,STATE_LAZIO,FALSE,FALSE,
Parma,PAR,128 202 129,principality,italian,,STATE_EMILIA,FALSE,FALSE,
Mapuche,PAT,196 25 10,principality,patagonian,,STATE_PATAGONIA,FALSE,FALSE,
Paulistania,PAU,69 103 77,principality,paulista,,STATE_SAO_PAULO,FALSE,FALSE,
Peru-Bolivia,PBC,234 107 163,empire,south_andean,,STATE_LA_PAZ,FALSE,FALSE,
Puerto Rico,PCO,104 92 87,principality,caribeno,,STATE_PUERTO_RICO,TRUE,FALSE,
Persia,PER,229 170 87,empire,persian azerbaijani,,STATE_IRAKAJEMI,FALSE,FALSE,
Peru,PEU,124 140 162,kingdom,peruvian,,STATE_LIMA,FALSE,FALSE,
Philippines,PHI,92 87 122,kingdom,euro_american,,STATE_LUZON,FALSE,FALSE,colonial
Poland-Lithuania,PLC,219 31 62,empire,polish lithuanian,,STATE_WEST_GALICIA,FALSE,FALSE,
Rio de la Plata,PLT,130 135 240,empire,platinean,,STATE_BUENOS_AIRES,FALSE,FALSE,
Tahiti,PLY,176 62 136,principality,polynesian,,STATE_TAHITI,FALSE,FALSE,
Piratini,PNI,39 156 39,principality,sulista,,STATE_RIO_GRANDE_DO_SUL,FALSE,FALSE,
Panama,PNM,150 85 61,principality,central_american,,STATE_PANAMA,TRUE,FALSE,
Polynesia,PNS,244 140 30,empire,hawaiian maori melanesian polynesian micronesian yuanzhumin,,STATE_HAWAIIAN_ISLANDS,FALSE,FALSE,
Poland,POL,197 92 106,kingdom,polish,,STATE_MAZOVIA,FALSE,FALSE,
Pomerania,POM,177 51 34,principality,german,,STATE_POMERANIA,TRUE,FALSE,
Pontianak,PON,255 102 102,principality,bornean,,STATE_WEST_BORNEO,FALSE,FALSE,
Portugal,POR,28 82 148,kingdom,portuguese,,STATE_ESTREMADURA,FALSE,FALSE,
Papua,PPU,81 97 170,principality,melanesian,,STATE_EASTERN_NEW_GUINEA,FALSE,FALSE,
Grao-Para,PRA,128 202 129,principality,amazonic,,STATE_PARA,FALSE,FALSE,
Paris Commune,PRC,237 41 57,empire,french,,STATE_ILE_DE_FRANCE,FALSE,FALSE,
Paraguay,PRG,177 44 29,principality,paraguayan guarani,,STATE_BAJO_PARAGUAY,FALSE,FALSE,
Perak,PRK,76 122 117,principality,malay,,STATE_MALAYA,FALSE,FALSE,
Perm,PRM,236 159 90,principality,ugrian,,STATE_PERM,FALSE,FALSE,
Prussia,PRU,0 49 83,kingdom,german,,STATE_BRANDENBURG,FALSE,FALSE,
Pueblo,PUE,162 128 8,principality,pueblo,,STATE_NEW_MEXICO,FALSE,FALSE,
Pawnee,PWN,252 84 118,principality,caddoan,,STATE_NEBRASKA,FALSE,FALSE,
Qian,QIA,0 103 165,principality,miao,,STATE_GUANGDONG,FALSE,FALSE,
Quebec,QUE,194 140 86,principality,franco_canadian,,STATE_QUEBEC,TRUE,FALSE,
Rhineland,RHE,5 85 5,principality,german,,STATE_NORTH_RHINE,TRUE,FALSE,
Southern Rhodesia,RHO,027 085 131,kingdom,british,,STATE_ZAMBEZIA,,FALSE,colonial
Confederation of the Rhine,RHN,77 165 128,empire,german,,STATE_HESSE,FALSE,FALSE,
Rio Grande,RIO,20 20 20,principality,mexican,,STATE_RIO_GRANDE,FALSE,FALSE,
Romania,ROM,21 96 178,kingdom,romanian,,STATE_WALLACHIA,FALSE,FALSE,
San Marco,RSM,110 10 45,principality,italian,,STATE_LOMBARDY,FALSE,FALSE,
Russia,RUS,0 94 12,empire,russian,,STATE_INGRIA,FALSE,FALSE,
Rwanda,RWD,213 160 18,principality,ruanda,,STATE_TANGANYIKA,FALSE,FALSE,
South Africa,SAF,180 158 127,kingdom,british boer,,STATE_CAPE_COLONY,FALSE,FALSE,colonial
Sahrawi,SAH,220 202 96,principality,berber,,STATE_WEST_SAHARA,FALSE,FALSE,
Siak,SAK,21 196 68,principality,sumatran,,STATE_NORTH_SUMATRA,FALSE,FALSE,
Sardinia-Piedmont,SAR,117 146 167,kingdom,italian,,STATE_PIEDMONT,TRUE,FALSE,
South Australia,SAS,170 90 128,principality,australian,,STATE_SOUTH_AUSTRALIA,FALSE,FALSE,
Savoy,SAV,235 196 231,principality,francoprovencal,,STATE_SAVOY,FALSE,FALSE,
Saxony,SAX,155 147 180,kingdom,german,,STATE_SAXONY,TRUE,FALSE,
Scandinavia,SCA,62 122 189,empire,swedish norwegian danish icelandic,,STATE_SVEALAND,FALSE,FALSE,
Schleswig,SCH,235 225 95,principality,german danish,,STATE_SCHLESWIG_HOLSTEIN,TRUE,FALSE,
Schaumburg-Lippe,SCM,25 155 155,principality,german,,STATE_WESTPHALIA,FALSE,FALSE,
Scania,SCN,251 161 22,principality,swedish,,STATE_SCANIA,TRUE,FALSE,
Scotland,SCO,199 175 12,kingdom,scottish,,STATE_LOWLANDS,FALSE,FALSE,
South Carolina,SCR,245 102 0,principality,euro_american,,STATE_SOUTH_CAROLINA,FALSE,FALSE,
Schwarzburg,SCW,98 92 94,principality,german,,STATE_SAXONY,FALSE,FALSE,
Sidamo,SDM,83 65 167,principality,sidama oromo,,STATE_AMHARA,FALSE,FALSE,
Selangor,SEL,249 215 61,principality,malay,,STATE_MALAYA,FALSE,FALSE,
Indian Territory,SEQ,86 120 117,principality,cherokee siouan,,STATE_OKLAHOMA,FALSE,FALSE,
Serbia,SER,166 72 57,kingdom,serb,,STATE_NORTHERN_SERBIA,FALSE,FALSE,
South German Federation,SGF,176 18 7,kingdom,german,,STATE_BAVARIA,FALSE,FALSE,
Segou,SGU,27 28 145,principality,bambara,,STATE_WESTERN_MALI,FALSE,FALSE,
Shandong,SHA,189 113 42,kingdom,han,,STATE_SHANDONG,FALSE,FALSE,
Shanxi,SHN,94 209 94,kingdom,han,,STATE_SHANXI,FALSE,FALSE,
Shewa,SHW,1 200 200,principality,amhara oromo,,STATE_OROMIA,FALSE,FALSE,
Siam,SIA,88 137 172,kingdom,thai,,STATE_BANGKOK,FALSE,FALSE,
Siberia,SIB,139 138 160,kingdom,yakut siberian inuit,,STATE_TOMSK,FALSE,FALSE,
Two Sicilies,SIC,73 152 76,kingdom,italian,,STATE_CAMPANIA,FALSE,FALSE,
Sichuan,SIH,42 189 68,kingdom,han,,STATE_SICHUAN,FALSE,FALSE,
Sikkim,SIK,139 138 160,principality,tibetan,,STATE_HIMALAYAS,FALSE,FALSE,
Sierra Leone,SIL,123 206 101,principality,afro_caribbean,,STATE_SIERRA_LEONE,TRUE,FALSE,colonial
Sindh,SIN,135 104 85,principality,sindi,,STATE_SINDH,TRUE,FALSE,
Sakhalin,SKH,54 102 190,principality,ainu siberian,,STATE_SAKHALIN,FALSE,FALSE,
Sukuma,SKM,101 122 158,principality,sukuma,,STATE_TANGANYIKA,FALSE,FALSE,
Selk'nam,SLK,122 14 52,principality,patagonian,,STATE_ARAUCANIA,FALSE,FALSE,
Slovenia,SLO,65 91 126,principality,slovene,,STATE_SLOVENIA,TRUE,FALSE,
Slovakia,SLV,158 161 188,principality,slovak,,STATE_WEST_SLOVAKIA,FALSE,FALSE,
Sulawesi,SLW,153 0 0,principality,moluccan,,STATE_CELEBES,FALSE,FALSE,
Sambas,SMB,102 102 255,principality,bornean,,STATE_WEST_BORNEO,FALSE,FALSE,
Sapmi,SMI,28 146 136,city_state,sami,,STATE_NORTHERN_NORWAY,FALSE,FALSE,
Sena,SNA,91 132 128,principality,sena,,STATE_MOCAMBIQUE,FALSE,FALSE,
Sangu,SNG,203 54 66,principality,lacustrine_bantu,,STATE_LINDI,FALSE,FALSE,
Sokoto,SOK,0 135 81,kingdom,hausa fulbe,,STATE_HAUSALAND,FALSE,FALSE,
Spain,SPA,212 136 6,kingdom,spanish,,STATE_TOLEDO,FALSE,FALSE,
,SPU,55 167 77,principality,south_andean,,STATE_ICA,FALSE,FALSE,
Sara,SRA,179 236 217,principality,sara,,STATE_UBANGI_SHARI,FALSE,FALSE,
Sorbia,SRB,67 80 128,principality,sorb,,STATE_SAXONY,FALSE,FALSE,
Surakarta,SRK,239 51 64,principality,javan,,STATE_CENTRAL_JAVA,FALSE,FALSE,
Serer,SRR,57 121 111,principality,mande,,STATE_GAMBIA,,FALSE,
Serer,SRR,57 121 111,principality,mande,,STATE_GAMBIA,FALSE,FALSE,
Susu,SSU,69 109 142,principality,mande,,STATE_GUINEA,FALSE,FALSE,
Sintang,STG,255 255 0,principality,bornean,,STATE_WEST_BORNEO,FALSE,FALSE,
Sudan,SUD,189 159 69,kingdom,british arab,,STATE_BLUE_NILE,FALSE,FALSE,
Sulu,SUL,89 164 144,principality,moro,,STATE_MINDANAO,FALSE,FALSE,
Sweden,SWE,87 130 199,kingdom,swedish,,STATE_SVEALAND,FALSE,FALSE,
Switzerland,SWI,165 45 38,kingdom,swiss,,STATE_WEST_SWITZERLAND,FALSE,FALSE,
Swaziland,SWZ,190 189 127,principality,tswana,,STATE_TRANSVAAL,,FALSE,
Syria,SYR,241 245 240,principality,mashriqi,,STATE_SYRIA,FALSE,FALSE,
German East Africa,TAN,00 163 221,kingdom,german,,STATE_ZANZIBAR,,FALSE,colonial
Tasmania,TAS,224 194 152,principality,australian,,STATE_VICTORIA,FALSE,FALSE,
Tibesti,TBI,220 210 97,principality,teda,,STATE_CHAD,FALSE,FALSE,
Texas,TEX,4 144 178,principality,euro_american,,STATE_TEXAS,TRUE,FALSE,
Tigray,TGR,167 218 207,principality,tigray amhara,,STATE_AMHARA,FALSE,FALSE,
Tehuelche,THL,57 124 138,principality,patagonian,,STATE_PATAGONIA,FALSE,FALSE,
Tibet,TIB,65 127 186,kingdom,tibetan,,STATE_LHASA,FALSE,FALSE,
Tidore,TID,176 232 64,principality,moluccan,,STATE_MOLUCCAS,FALSE,FALSE,
Tiris,TIR,106 95 79,principality,haratin,,STATE_MAURITANIA,FALSE,FALSE,
Turtle Island,TIS,190 133 82,empire,cherokee iroquoian siouan,,STATE_OKLAHOMA,FALSE,FALSE,
Tivland,TIV,240 213 100,principality,tiv,,STATE_NIGERIA,FALSE,FALSE,
Teke,TKE,99 160 139,principality,bakongo,,STATE_CONGO,FALSE,FALSE,
Tonga,TNG,69 38 162,principality,polynesian,,STATE_TONGA,FALSE,FALSE,
Tungus,TNS,11 115 39,principality,siberian,,STATE_OKHOTSK,FALSE,FALSE,
Toba,TOB,183 141 1,principality,batak,,STATE_NORTH_SUMATRA,FALSE,FALSE,
Heavenly Kingdom,TPG,100 150 20,empire,han hakka,,STATE_NANJING,FALSE,FALSE,
Tupinamba,TPI,157 209 192,principality,tupinamba,,STATE_BAHIA,FALSE,FALSE,
Toposa,TPS,232 101 68,principality,nilotic,,STATE_EQUATORIA,FALSE,FALSE,
Travancore,TRA,134 166 117,principality,malayalam,,STATE_TRAVANCORE,TRUE,FALSE,
Turkmenia,TRC,165 117 208,principality,turkmen,,STATE_TURKMENIA,FALSE,FALSE,
Trieste,TRE,208 104 44,principality,italian,,STATE_ISTRIA,FALSE,FALSE,
Turkestan,TRH,213 0 39,empire,uzbek kirgiz kazak turkmen tajik uighur,,STATE_UZBEKIA,FALSE,FALSE,
Tripolitania,TRI,180 137 148,principality,italian,,STATE_TRIPOLI,TRUE,FALSE,colonial
Turkana,TRK,103 84 190,principality,nilotic maasai,,STATE_RIFT_VALLEY,FALSE,FALSE,
Transvaal,TRN,140 183 154,principality,boer,,STATE_TRANSVAAL,TRUE,FALSE,
Transylvania,TRS,211 207 173,principality,hungarian romanian,,STATE_SOUTHERN_TRANSYLVANIA,FALSE,FALSE,
Trarza,TRZ,230 123 17,principality,bidan,,STATE_MAURITANIA,FALSE,FALSE,
Tswana,TSW,117 170 219,principality,tswana,,STATE_BOTSWANA,FALSE,FALSE,
Tuat,TUA,142 88 74,principality,tuareg,,STATE_SAHARA,FALSE,FALSE,
Touggourt,TUG,90 140 190,principality,berber,,STATE_EAST_SAHARA,FALSE,FALSE,
Tunis,TUN,131 101 85,kingdom,maghrebi,,STATE_TUNISIA,TRUE,FALSE,
Turkey,TUR,131 29 29,empire,turkish,,STATE_EASTERN_THRACE,FALSE,FALSE,
Tuscany,TUS,84 96 136,principality,italian,,STATE_TUSCANY,TRUE,FALSE,
Tuva,TUV,68 242 236,principality,tuvan,,STATE_TUVA,FALSE,FALSE,
Tawantinsuyu,TWT,125 92 110,kingdom,quechua,,STATE_LIMA,FALSE,FALSE,
United Baltic Provinces,UBD,142 140 84,kingdom,latvian estonian lithuanian,,STATE_RIGA,FALSE,FALSE,
Central America,UCA,90 175 255,kingdom,central_american,,STATE_SAN_SALVADOR,FALSE,FALSE,
Ukraine,UKR,212 179 47,kingdom,ukrainian,,STATE_KIEV,FALSE,FALSE,
Uluru,ULR,112 54 16,principality,aborigine,,STATE_NORTHERN_TERRITORY,FALSE,FALSE,
Ulster,ULS,204 84 41,principality,scottish irish,,STATE_ULSTER,TRUE,FALSE,
United Netherland,UNL,255 118 28,empire,dutch flemish wallonian,,STATE_HOLLAND,FALSE,FALSE,
United Tribes,UNT,170 167 151,principality,maori,,STATE_NORTH_ISLAND,FALSE,FALSE,
Michigan,UOM,0 39 76,principality,euro_american,,STATE_MICHIGAN,TRUE,FALSE,
Uruguay,URU,131 101 85,principality,uruguayan,,STATE_URUGUAY,TRUE,FALSE,
America,USA,38 55 113,empire,euro_american,,STATE_DISTRICT_OF_COLUMBIA,FALSE,FALSE,
Ute,UTE,235 126 175,principality,paiute,,STATE_UTAH,FALSE,FALSE,
Uyao,UYA,192 204 111,principality,yao,,STATE_MOCAMBIQUE,FALSE,FALSE,
Uly Zhuz,UZH,70 100 80,principality,kazak,,STATE_AKMOLINSK,FALSE,FALSE,
Venice,VEN,0180 12 1,principality,italian,,STATE_VENETIA,TRUE,FALSE,
Vientiane,VIE,151 174 28,principality,lao,,STATE_LAOS,FALSE,FALSE,
Vanuatu,VNT,37 214 50,principality,melanesian,,STATE_VANUATU,FALSE,FALSE,
Venezuela,VNZ,255 176 140,kingdom,venezuelan,,STATE_MIRANDA,FALSE,FALSE,
Wadai,WAD,194 66 41,principality,fur,,STATE_WADDAI,FALSE,FALSE,
Wallachia,WAL,161 126 128,principality,romanian,,STATE_WALLACHIA,TRUE,FALSE,
Western Australia,WAS,118 115 97,principality,australian,,STATE_WESTERN_AUSTRALIA,FALSE,FALSE,
Griqualand,WBL,176 206 177,principality,khoisan tswana,,STATE_NORTHERN_CAPE,FALSE,FALSE,
Saxe-Weimar,WEI,69 188 45,grand_principality,german,,STATE_SAXONY,FALSE,FALSE,
Westphalia,WES,5 85 5,principality,german,,STATE_WESTPHALIA,TRUE,FALSE,
West Indies,WIN,50 150 50,kingdom,afro_caribbean,,STATE_WEST_INDIES,FALSE,FALSE,
Waldeck,WLD,169 194 107,principality,german,,STATE_HESSE,FALSE,FALSE,
Welega,WLG,126 208 222,principality,oromo,,STATE_AMHARA,FALSE,FALSE,
Wallonia,WLL,131 141 142,principality,wallonian,,STATE_WALLONIA,TRUE,FALSE,
Wello,WLO,222 199 163,principality,amhara,,STATE_AMHARA,FALSE,FALSE,
Wales,WLS,121 126 148,principality,welsh,,STATE_WALES,TRUE,FALSE,
Warsangali,WSG,18 97 128,principality,somali,,STATE_SOMALILAND,FALSE,FALSE,
Wurttemberg,WUR,111 162 128,kingdom,german,,STATE_WURTTEMBERG,TRUE,FALSE,
Wayuu,WYU,40 96 65,principality,guajiro,,STATE_ANTIOQUIA,FALSE,FALSE,
Xhosa,XHO,88 80 163,principality,xhosa,,STATE_EASTERN_CAPE,FALSE,FALSE,
Xibei,XIB,68 144 212,kingdom,han tibetan,,STATE_NINGXIA,FALSE,FALSE,
Uyghuristan,XIN,255 234 174,kingdom,uighur,,STATE_TIANSHAN,FALSE,FALSE,
Yakutia,YAK,171 216 191,principality,yakut,,STATE_YAKUTSK,FALSE,FALSE,
Yemen,YEM,255 191 191,kingdom,yemenite bedouin,,STATE_YEMEN,TRUE,FALSE,
Yaka,YKA,99 160 239,principality,bakongo lunda,,STATE_BAS_CONGO,FALSE,FALSE,
Yogyakarta,YOG,201 28 54,principality,javan,,STATE_CENTRAL_JAVA,FALSE,FALSE,
Yucatan,YUC,20 142 20,principality,mexican,,STATE_YUCATAN,FALSE,FALSE,
Yue,YUE,89 113 223,principality,yue,,STATE_GUANGDONG,FALSE,FALSE,
Yugoslavia,YUG,37 128 174,empire,serb croat slovene bosniak,,STATE_NORTHERN_SERBIA,FALSE,FALSE,
Yunnan,YUN,245 245 220,principality,yi,,STATE_YUNNAN,TRUE,FALSE,
Yuanzhumin,YUZ,97 44 96,principality,yuanzhumin,,STATE_FORMOSA,FALSE,FALSE,
Azal,ZAI,153 76 0,principality,yemenite bedouin,,STATE_YEMEN,FALSE,FALSE,
Northern Rhodesia,ZAM,180 158 127,kingdom,british,,STATE_ZAMBIA,,FALSE,colonial
Zanzibar,ZAN,166 189 199,principality,swahili,,STATE_ZANZIBAR,TRUE,FALSE,
Zhili,ZHI,207 64 88,kingdom,han,,STATE_ZHILI,FALSE,FALSE,
Zimbabwe,ZIM,0 173 112,kingdom,shona nguni,,STATE_ZAMBEZIA,FALSE,FALSE,
Azande,ZND,208 225 57,principality,azande,,STATE_CONGO_ORIENTALE,FALSE,FALSE,
Zulu,ZUL,204 186 201,principality,zulu,,STATE_ZULULAND,TRUE,FALSE,
British Western Pacific Territories,WPT,250 62 128,principality,british,,STATE_FIJI,,FALSE,colonial
French Polynesia,FPL,50 90 110,principality,french,,STATE_KANAK,,FALSE,colonial
German New Guinea,NGG,247 140 110,principality,german,,STATE_EASTERN_NEW_GUINEA,,FALSE,colonial
Federated Malay States,MLA,161 109 181,principality,british malay,,STATE_MALAYA,,FALSE,colonial
Raj of Sarawak,ROS,109 225 188,principality,british malay,,STATE_NORTH_BORNEO,,FALSE,
North Borneo,NBO,224 207 16,principality,british malay,,STATE_NORTH_BORNEO,,FALSE,colonial
Italian Eritrea,ERT,031 060 032,principality,italian,,STATE_ERITREA,,FALSE,colonial
Togoland,TOG,107 130 110,principality,german,,STATE_TOGO,,FALSE,colonial
Italian Somaliland,SMA,001 093 082,kingdom,italian,,STATE_SOMALILAND,,FALSE,colonial
Persian Gulf Residency,PGR,250 62 128,principality,british arab,,STATE_ABU_DHABI,,FALSE,
Cyrenaica,CYR,66 81 45,principality,italian,,STATE_LIBYA,,FALSE,colonial
Kanty-Mansi,KNT,156 190 196,principality,ugrian,,STATE_SURGUT,FALSE,FALSE,
Arabistan,ARB,140 102 152,principality,arab,,STATE_KHUZESTAN,FALSE,FALSE,
Tajikistan,TJI,45 85 45,principality,tajik,,STATE_TAJIKISTAN,FALSE,FALSE,
Luristan,LUR,207 213 47,principality,persian,,STATE_LURISTAN,FALSE,FALSE,
Uzbekistan,UZB,199 199 170,principality,steppe_turk,,STATE_FERGANA,FALSE,FALSE,
Mazandaran,MAZ,217 144 88,principality,persian,,STATE_MAZANDARAN,FALSE,FALSE,
Ural,URL,55 89 88,principality,russian,,STATE_URAL,FALSE,FALSE,
Kirgizia,KYR,161 87 87,principality,steppe_turk,,STATE_KIRGHIZIA,FALSE,FALSE,
Altai,ALI,74 121 198,principality,mongol,,STATE_ALTAI,FALSE,FALSE,
Chukotka,CKC,99 236 240,principality,siberian,,STATE_CHUKOTKA,FALSE,FALSE,
Kamchatka,KMC,25 47 119,principality,siberian,,STATE_KAMCHATKA,FALSE,FALSE,
Buryatia,BRY,50 50 120,principality,mongol,,STATE_BURYATIA,FALSE,FALSE,
Bashkiria,BKR,71 219 129,principality,steppe_turk,,STATE_UFA,FALSE,FALSE,
Tatarstan,TAR,31 218 229,principality,steppe_turk,,STATE_KAZAN,FALSE,FALSE,
Karelia,KRL,22 63 26,principality,finish,,STATE_EAST_KARELIA,FALSE,FALSE,
Udmurtia,UDM,82 12 12,principality,ugrian,,STATE_VYATKA,FALSE,FALSE,
Chuvashia,CHV,249 125 4,principality,steppe_turk,,STATE_CHUVASHIA,FALSE,FALSE,
Erzya-Moksha,MRD,222 147 226,principality,ugrian,,STATE_TAMBOV,FALSE,FALSE,
Mari El,MRI,139 98 193,principality,ugrian,,STATE_CHUVASHIA,FALSE,FALSE,
,D00,,,,,,,TRUE,
,D01,,,,,,,TRUE,
,D02,,,,,,,TRUE,
,D03,,,,,,,TRUE,
,D04,,,,,,,TRUE,
,D05,,,,,,,TRUE,
,D06,,,,,,,TRUE,
,D07,,,,,,,TRUE,
,D08,,,,,,,TRUE,
,D09,,,,,,,TRUE,
,D10,,,,,,,TRUE,
,D11,,,,,,,TRUE,
,D12,,,,,,,TRUE,
,D13,,,,,,,TRUE,
,D14,,,,,,,TRUE,
,D15,,,,,,,TRUE,
,D16,,,,,,,TRUE,
,D17,,,,,,,TRUE,
,D18,,,,,,,TRUE,
,D19,,,,,,,TRUE,
,D20,,,,,,,TRUE,
,D21,,,,,,,TRUE,
,D22,,,,,,,TRUE,
,D23,,,,,,,TRUE,
,D24,,,,,,,TRUE,
,D25,,,,,,,TRUE,
,D26,,,,,,,TRUE,
,D27,,,,,,,TRUE,
,D28,,,,,,,TRUE,
,D29,,,,,,,TRUE,
,D30,,,,,,,TRUE,
,D31,,,,,,,TRUE,
,D32,,,,,,,TRUE,
,D33,,,,,,,TRUE,
,D34,,,,,,,TRUE,
,D35,,,,,,,TRUE,
,D36,,,,,,,TRUE,
,D37,,,,,,,TRUE,
,D38,,,,,,,TRUE,
,D39,,,,,,,TRUE,
,D40,,,,,,,TRUE,
,D41,,,,,,,TRUE,
,D42,,,,,,,TRUE,
,D43,,,,,,,TRUE,
,D44,,,,,,,TRUE,
,D45,,,,,,,TRUE,
,D46,,,,,,,TRUE,
,D47,,,,,,,TRUE,
,D48,,,,,,,TRUE,
,D49,,,,,,,TRUE,
,D50,,,,,,,TRUE,
,D51,,,,,,,TRUE,
,D52,,,,,,,TRUE,
,D53,,,,,,,TRUE,
,D54,,,,,,,TRUE,
,D55,,,,,,,TRUE,
,D56,,,,,,,TRUE,
,D57,,,,,,,TRUE,
,D58,,,,,,,TRUE,
,D59,,,,,,,TRUE,
,D60,,,,,,,TRUE,
,D61,,,,,,,TRUE,
,D62,,,,,,,TRUE,
,D63,,,,,,,TRUE,
,D64,,,,,,,TRUE,
,D65,,,,,,,TRUE,
,D66,,,,,,,TRUE,
,D67,,,,,,,TRUE,
,D68,,,,,,,TRUE,
,D69,,,,,,,TRUE,
,D70,,,,,,,TRUE,
,D71,,,,,,,TRUE,
,D72,,,,,,,TRUE,
,D73,,,,,,,TRUE,
,D74,,,,,,,TRUE,
,D75,,,,,,,TRUE,
,D76,,,,,,,TRUE,
,D77,,,,,,,TRUE,
,D78,,,,,,,TRUE,
,D79,,,,,,,TRUE,
,D80,,,,,,,TRUE,
,D81,,,,,,,TRUE,
,D82,,,,,,,TRUE,
,D83,,,,,,,TRUE,
,D84,,,,,,,TRUE,
,D85,,,,,,,TRUE,
,D86,,,,,,,TRUE,
,D87,,,,,,,TRUE,
,D88,,,,,,,TRUE,
,D89,,,,,,,TRUE,
,D90,,,,,,,TRUE,
,D91,,,,,,,TRUE,
,D92,,,,,,,TRUE,
,D93,,,,,,,TRUE,
,D94,,,,,,,TRUE,
,D95,,,,,,,TRUE,
,D96,,,,,,,TRUE,
,D97,,,,,,,TRUE,
,D98,,,,,,,TRUE,
,D99,,,,,,,TRUE,
,SLS,50 152 173,principality,salish,,STATE_MONTANA,FALSE,FALSE,
,BNN,129 56 7,principality,paiute,,STATE_IDAHO,FALSE,FALSE,
,SML,146 95 107,principality,muskogean,,STATE_FLORIDA,FALSE,FALSE,
,KAB,95 95 109,principality,pashtun tajik,,STATE_KABUL,FALSE,FALSE,
,KAN,71 113 193,principality,pashtun tajik,,STATE_KANDAHAR,FALSE,FALSE,
,HER,80 135 113,principality,pashtun persian,,STATE_HERAT,FALSE,FALSE,
,CHT,96 193 182,principality,kho,,STATE_PASHTUNISTAN,FALSE,FALSE,
,MAI,204 210 3,principality,uzbek turkmen tajik,,STATE_BALKH,FALSE,FALSE,
,KUN,153 76 0,principality,uzbek tajik,,STATE_BALKH,FALSE,FALSE,
,BHW,93 148 107,principality,panjabi sindi,sunni,STATE_PUNJAB,FALSE,FALSE,
,TRM,156 74 74,principality,turkmen,,STATE_TURKMENIA,FALSE,FALSE,
,ABK,92 188 73,principality,north_caucasian,,STATE_GREATER_CAUCASUS,FALSE,FALSE,
,BEI,252 185 61,kingdom,han,,STATE_BEIJING,FALSE,FALSE,
,KAF,195 82 20,principality,kho pashtun,hindu,STATE_KABUL,FALSE,FALSE,
,LIM,22 11 88,principality,dutch,,STATE_GELRE,FALSE,FALSE,
,GAR,60 154 135,principality,pahari,,STATE_AGRA,FALSE,FALSE,
,PTA,229 231 26,principality,panjabi,,STATE_HILL_PUNJAB,FALSE,FALSE,
,ALW,65 105 225,principality,rajput,,STATE_RAJPUTANA,FALSE,FALSE,
,TIP,255 204 204,principality,lushai,,STATE_ASSAM,FALSE,FALSE,
,KKI,190 190 190,principality,lushai,,STATE_ASSAM,FALSE,FALSE,
,MGH,255 222 173,principality,naga,,STATE_ASSAM,FALSE,FALSE,
,COO,220 20 60,principality,bengali,hindu,STATE_EAST_BENGAL,FALSE,FALSE,
,SHS,204 229 255,principality,shan,,STATE_SHAN_STATES,FALSE,FALSE,
,JHN,255 140 0,principality,bundeli,,STATE_BUNDELKHAND,FALSE,FALSE,
,PUD,34 139 34,principality,tamil,,STATE_MADRAS,FALSE,FALSE,
,KOT,123 44 0,principality,rajput,,STATE_RAJPUTANA,FALSE,FALSE,
,IDA,31 102 187,principality,gujarati,,STATE_GUJARAT,FALSE,FALSE,
,NAW,222 222 0,principality,gujarati,,STATE_GUJARAT,FALSE,FALSE,
,DHA,23 121 23,principality,gujarati,,STATE_GUJARAT,FALSE,FALSE,
,JUN,200 229 237,principality,gujarati pathan,sunni,STATE_GUJARAT,FALSE,FALSE,
,BHV,122 222 222,principality,gujarati,,STATE_GUJARAT,FALSE,FALSE,
,PLP,222 222 222,principality,gujarati pathan,sunni,STATE_GUJARAT,FALSE,FALSE,
,SAT,255 153 51,principality,marathi,,STATE_BOMBAY,FALSE,FALSE,
,KHP,188 21 64,principality,marathi,,STATE_BOMBAY,FALSE,FALSE,
,BAG,123 14 148,principality,bageli,,STATE_BUNDELKHAND,FALSE,FALSE,
,SUR,60 222 75,principality,chhattisgarhi,,STATE_BUNDELKHAND,FALSE,FALSE,
,KNO,187 1 99,principality,pathan deccani telegu,sunni,STATE_KURNOOL,FALSE,FALSE,
,JEY,237 174 221,principality,oriya,,STATE_ORISSA,FALSE,FALSE,
,MYB,237 204 3,principality,oriya,,STATE_ORISSA,FALSE,FALSE,
,PTN,114 25 100,principality,oriya,,STATE_ORISSA,FALSE,FALSE,
,NAR,31 145 217,principality,oriya,,STATE_ORISSA,FALSE,FALSE,
,KHR,106 145 255,principality,baluchi,,STATE_BALUCHISTAN,FALSE,FALSE,
,LBL,188 192 188,principality,baluchi,,STATE_BALUCHISTAN,FALSE,FALSE,
,KPR,20 146 1,principality,baluchi,,STATE_SINDH,FALSE,FALSE,
,DIR,1 65 28,principality,pashtun,,STATE_PASHTUNISTAN,FALSE,FALSE,
,SWT,244 196 22,principality,pashtun,,STATE_PASHTUNISTAN,FALSE,FALSE,
,CAR,232 79 142,kingdom,tamil,,STATE_MADRAS,FALSE,FALSE,
,RAJ,49 13 22,kingdom,rajput,,STATE_RAJPUTANA,FALSE,FALSE,
,MHR,49 13 22,empire,marathi,,STATE_BOMBAY,FALSE,FALSE,
,GUJ,231 224 107,kingdom,gujarati,,STATE_GUJARAT,FALSE,FALSE,
,DRA,255 245 238,empire,tamil telegu malayalam kannada,,STATE_MADRAS,FALSE,FALSE,
,COC,255 188 225,principality,malayalam,,STATE_TRAVANCORE,FALSE,FALSE,
,ALK,249 251 255,principality,russian,,STATE_ALASKA,FALSE,FALSE,
,BCE,0 51 102,principality,british,,STATE_CEYLON,FALSE,FALSE,
,MLD,0 132 61,principality,sinhala,sunni,STATE_CEYLON,FALSE,FALSE,
,BIH,252 239 60,principality,bihari,,STATE_BIHAR,FALSE,FALSE,
,ARK,212 211 151,principality,burmese,,STATE_ARAKAN,FALSE,FALSE,
,IDS,45 120 45,kingdom,panjabi sindi,sunni,STATE_PUNJAB,FALSE,FALSE,
,WTI,54 112 16,principality,aborigine,,STATE_WESTERN_AUSTRALIA,FALSE,FALSE,
,MRN,3 113 211,principality,aborigine,,STATE_WESTERN_AUSTRALIA,FALSE,FALSE,