Owner Tag,Formation Name,Type,HQ Region,Commander Scope,Unit Type,Unit States,Unit Size,Unit Type,Unit State,Unit Size,Unit Type,Unit State,Unit Size,Unit Type,Unit State,Unit Size,Unit Type,Unit State,Unit Size,Unit Type,Unit State,Unit Size,Unit Type,Unit State,Unit Size,Unit Type,Unit State,Unit Size
c:CAN,Permanent_Active_Militia,army,sr:region_canada,,combat_unit_type_trench_infantry,STATE_ONTARIO;STATE_QUEBEC;STATE_NEW_BRUNSWICK;STATE_MANITOBA;STATE_BRITISH_COLUMBIA;STATE_ALBERTA;STATE_SASKATCHEWAN,35,combat_unit_type_siege_artillery,STATE_ONTARIO;STATE_QUEBEC;STATE_NEW_BRUNSWICK;STATE_MANITOBA;STATE_BRITISH_COLUMBIA;STATE_ALBERTA;STATE_SASKATCHEWAN,5,combat_unit_type_dragoons,STATE_ONTARIO;STATE_QUEBEC;STATE_NEW_BRUNSWICK;STATE_MANITOBA;STATE_BRITISH_COLUMBIA;STATE_ALBERTA;STATE_SASKATCHEWAN,12,,,,,,,,,,,,,,,
c:CAN,Non-Permanent_Active_Militia,army,sr:region_canada,,combat_unit_type_trench_infantry,STATE_ONTARIO;STATE_QUEBEC;STATE_NEW_BRUNSWICK;STATE_MANITOBA;STATE_BRITISH_COLUMBIA,5,,,,,,,,,,,,,,,,,,,,,
c:CAN,Royal_Canadian_Navy,fleet,sr:region_canada,,combat_unit_type_scout_cruiser,STATE_QUEBEC;STATE_NEW_BRUNSWICK,2,,,,,,,,,,,,,,,,,,,,,
c:USA,Regular_Army,army,sr:region_dixie,,combat_unit_type_trench_infantry,STATE_MAINE;STATE_VERMONT;STATE_MASSACHUSETTS;STATE_NEW_YORK;STATE_NEW_HAMPSHIRE;STATE_RHODE_ISLAND;STATE_CONNECTICUT;STATE_NEW_JERSEY;STATE_PENNSYLVANIA;STATE_MARYLAND;STATE_NORTH_CAROLINA;STATE_SOUTH_CAROLINA;STATE_FLORIDA;STATE_DELAWARE;STATE_VIRGINIA;STATE_WEST_VIRGINIA;STATE_OHIO;STATE_INDIANA;STATE_GEORGIA;STATE_ALABAMA;STATE_KENTUCKY;STATE_MISSOURI;STATE_NEBRASKA;STATE_COLORADO;STATE_CALIFORNIA;STATE_OREGON;STATE_MISSISSIPPI;STATE_LOUISIANA;STATE_ARKANSAS;STATE_TENNESSEE;STATE_INDIANA;STATE_MICHIGAN;STATE_WISCONSIN;STATE_IOWA;STATE_MINNESOTA;STATE_NORTH_DAKOTA;STATE_SOUTH_DAKOTA;STATE_KANSAS;STATE_IOWA;STATE_OKLAHOMA;STATE_TEXAS;STATE_NEW_MEXICO;STATE_ARIZONA;STATE_MONTANA;STATE_IDAHO;STATE_UTAH;STATE_NEVADA,30,combat_unit_type_dragoons,STATE_MAINE;STATE_VERMONT;STATE_MASSACHUSETTS,15,combat_unit_type_siege_artillery,STATE_ARKANSAS;STATE_TENNESSEE,10,,,,,,,,,,,,,,,
c:USA,National_Guard,army,sr:region_dixie,,combat_unit_type_trench_infantry,STATE_MAINE;STATE_VERMONT;STATE_MASSACHUSETTS;STATE_NEW_YORK;STATE_NEW_HAMPSHIRE;STATE_RHODE_ISLAND;STATE_CONNECTICUT;STATE_NEW_JERSEY;STATE_PENNSYLVANIA;STATE_MARYLAND;STATE_NORTH_CAROLINA;STATE_SOUTH_CAROLINA;STATE_FLORIDA;STATE_DELAWARE;STATE_VIRGINIA;STATE_WEST_VIRGINIA;STATE_OHIO;STATE_INDIANA;STATE_GEORGIA;STATE_ALABAMA;STATE_KENTUCKY;STATE_MISSOURI;STATE_NEBRASKA;STATE_COLORADO;STATE_CALIFORNIA;STATE_OREGON;STATE_MISSISSIPPI;STATE_LOUISIANA;STATE_ARKANSAS;STATE_TENNESSEE;STATE_INDIANA;STATE_MICHIGAN;STATE_WISCONSIN;STATE_IOWA;STATE_MINNESOTA;STATE_NORTH_DAKOTA;STATE_SOUTH_DAKOTA;STATE_KANSAS;STATE_IOWA;STATE_OKLAHOMA;STATE_TEXAS;STATE_NEW_MEXICO;STATE_ARIZONA;STATE_MONTANA;STATE_IDAHO;STATE_UTAH;STATE_NEVADA,40,combat_unit_type_dragoons,STATE_RHODE_ISLAND;STATE_CONNECTICUT;STATE_NEW_JERSEY;STATE_CONNECTICUT,20,combat_unit_type_siege_artillery,STATE_ARIZONA;STATE_MONTANA;STATE_IDAHO;STATE_UTAH,20,,,,,,,,,,,,,,,
c:USA,Border_Patrol,army,sr:region_dixie,,combat_unit_type_trench_infantry,STATE_TEXAS,1,,,,,,,,,,,,,,,,,,,,,
c:USA,Ponce_Garrison,army,sr:region_caribbean,,combat_unit_type_trench_infantry,STATE_PUERTO_RICO,3,,,,,,,,,,,,,,,,,,,,,
c:USA,Honolulu_Garrison,army,sr:region_oceania,,combat_unit_type_trench_infantry,STATE_HAWAIIAN_ISLANDS,4,,,,,,,,,,,,,,,,,,,,,
c:USA,Colon_Garrison,army,sr:region_central_america,,combat_unit_type_trench_infantry,STATE_PANAMA,5,,,,,,,,,,,,,,,,,,,,,
c:USA,Atlantic_Fleet,fleet,sr:region_new_england,,combat_unit_type_dreadnought,STATE_MAINE;STATE_NEW_HAMPSHIRE;STATE_MASSACHUSETTS;STATE_CONNECTICUT;STATE_NEW_YORK;STATE_NEW_JERSEY;STATE_MARYLAND,20,combat_unit_type_scout_cruiser,STATE_MAINE;STATE_NEW_HAMPSHIRE;STATE_MASSACHUSETTS;STATE_CONNECTICUT;STATE_NEW_YORK;STATE_NEW_JERSEY;STATE_MARYLAND;STATE_NORTH_CAROLINA;STATE_SOUTH_CAROLINA,9,combat_unit_type_destroyer,STATE_MAINE;STATE_NEW_HAMPSHIRE;STATE_MASSACHUSETTS;STATE_CONNECTICUT;STATE_NEW_YORK;STATE_NEW_JERSEY;STATE_MARYLAND;STATE_NORTH_CAROLINA;STATE_SOUTH_CAROLINA,28,combat_unit_type_submarine,STATE_MAINE;STATE_NEW_HAMPSHIRE;STATE_MASSACHUSETTS;STATE_CONNECTICUT;STATE_NEW_YORK;STATE_NEW_JERSEY;STATE_MARYLAND;STATE_NORTH_CAROLINA;STATE_SOUTH_CAROLINA,20,combat_unit_type_torpedo_boat,STATE_MAINE;STATE_NEW_HAMPSHIRE;STATE_MASSACHUSETTS;STATE_CONNECTICUT;STATE_NEW_YORK;STATE_NEW_JERSEY;STATE_MARYLAND,25,combat_unit_type_monitor,STATE_MAINE;STATE_NEW_HAMPSHIRE;STATE_MASSACHUSETTS;STATE_CONNECTICUT;STATE_NEW_YORK;STATE_NEW_JERSEY;STATE_MARYLAND,4,,,,,,
c:USA,Pacific_Fleet,fleet,sr:region_pacific_coast,,combat_unit_type_dreadnought,STATE_WASHINGTON;STATE_OREGON;STATE_CALIFORNIA;STATE_ALASKA,7,combat_unit_type_scout_cruiser,STATE_WASHINGTON;STATE_OREGON;STATE_CALIFORNIA;STATE_ALASKA,6,combat_unit_type_destroyer,STATE_WASHINGTON;STATE_OREGON;STATE_CALIFORNIA;STATE_ALASKA,12,combat_unit_type_submarine,STATE_WASHINGTON;STATE_OREGON;STATE_CALIFORNIA;STATE_ALASKA,10,combat_unit_type_torpedo_boat,STATE_WASHINGTON;STATE_OREGON;STATE_CALIFORNIA;STATE_ALASKA,5,,,,,,,,,
c:USA,Asiatic_Fleet,fleet,sr:region_oceania,,,,,combat_unit_type_scout_cruiser,STATE_WASHINGTON;STATE_OREGON;STATE_CALIFORNIA;STATE_ALASKA,5,combat_unit_type_destroyer,STATE_WASHINGTON;STATE_OREGON;STATE_CALIFORNIA;STATE_ALASKA,6,combat_unit_type_submarine,STATE_WASHINGTON;STATE_OREGON;STATE_CALIFORNIA;STATE_ALASKA,2,,,,,,,,,,,,
c:USA,Caribbean_Squadron,fleet,sr:region_caribbean,,combat_unit_type_dreadnought,STATE_TEXAS;STATE_LOUISIANA;STATE_MISSISSIPPI;STATE_ALABAMA;STATE_FLORIDA;STATE_GEORGIA;STATE_SOUTH_CAROLINA,6,combat_unit_type_scout_cruiser,STATE_TEXAS;STATE_LOUISIANA;STATE_MISSISSIPPI;STATE_ALABAMA;STATE_FLORIDA;STATE_GEORGIA;STATE_SOUTH_CAROLINA,4,combat_unit_type_destroyer,STATE_TEXAS;STATE_LOUISIANA;STATE_MISSISSIPPI;STATE_ALABAMA;STATE_FLORIDA;STATE_GEORGIA;STATE_SOUTH_CAROLINA,6,,,,,,,,,,,,,,,
c:USA,Reserve_Fleet,fleet,sr:region_new_england,,combat_unit_type_dreadnought,STATE_MARYLAND,1,combat_unit_type_scout_cruiser,STATE_MAINE;STATE_NEW_HAMPSHIRE;STATE_MASSACHUSETTS;STATE_CONNECTICUT;STATE_NEW_YORK;STATE_NEW_JERSEY;STATE_MARYLAND,4,combat_unit_type_destroyer,STATE_MAINE;STATE_NEW_HAMPSHIRE,2,combat_unit_type_submarine,STATE_MAINE;STATE_NEW_HAMPSHIRE;STATE_MASSACHUSETTS;STATE_CONNECTICUT;STATE_NEW_YORK;STATE_NEW_JERSEY;STATE_MARYLAND,5,,,,,,,,,,,,
c:MEX,Ejercito_Federal,army,sr:region_mexico,,combat_unit_type_trench_infantry,STATE_MEXICO;STATE_JALISCO;STATE_VERACRUZ;STATE_ZACATECAS,50,combat_unit_type_dragoons,STATE_MEXICO;STATE_JALISCO;STATE_VERACRUZ;STATE_ZACATECAS,20,combat_unit_type_shrapnel_artillery,STATE_MEXICO;STATE_JALISCO;STATE_VERACRUZ;STATE_ZACATECAS,5,,,,,,,,,,,,,,,
c:MEX,Armada_De_Mexico,fleet,sr:region_mexico,,combat_unit_type_destroyer,STATE_VERACRUZ,2,combat_unit_type_ironclad,STATE_VERACRUZ,1,,,,,,,,,,,,,,,,,,
c:GUA,Ejercito_De_Guatemala ,army,sr:region_central_america,,combat_unit_type_trench_infantry,STATE_GUATEMALA,5,combat_unit_type_dragoons,STATE_GUATEMALA,2,,,,,,,,,,,,,,,,,,
c:ELS,Ejercito_Del_Salvador,army,sr:region_central_america,,combat_unit_type_trench_infantry,STATE_SAN_SALVADOR,5,combat_unit_type_dragoons,STATE_SAN_SALVADOR,1,,,,,,,,,,,,,,,,,,
c:HON,Ejercito_De_Honduras,army,sr:region_central_america,,combat_unit_type_trench_infantry,STATE_HONDURAS,5,combat_unit_type_dragoons,STATE_HONDURAS,1,,,,,,,,,,,,,,,,,,
c:NIC,Ejercito_De_Nicaragua,army,sr:region_central_america,,combat_unit_type_trench_infantry,STATE_NICARAGUA,4,combat_unit_type_dragoons,STATE_NICARAGUA,1,,,,,,,,,,,,,,,,,,
c:COS,Ejercito_De_Costa_Rica,army,sr:region_central_america,,combat_unit_type_trench_infantry,STATE_COSTA_RICA,4,,,,,,,,,,,,,,,,,,,,,
c:CUB,Ejercito_De_Cuba,army,sr:region_caribbean,,combat_unit_type_trench_infantry,STATE_CUBA,6,combat_unit_type_dragoons,STATE_CUBA,1,combat_unit_type_shrapnel_artillery,STATE_CUBA,1,,,,,,,,,,,,,,,
c:HAI,Corps-D'armee_D'Haïti,army,sr:region_caribbean,,combat_unit_type_trench_infantry,STATE_HAITI,4,combat_unit_type_dragoons,STATE_HAITI,1,,,,,,,,,,,,,,,,,,
c:DOM,Ejercito_De_La_República_Dominicana,army,sr:region_caribbean,,combat_unit_type_trench_infantry,STATE_SANTO_DOMINGO,5,combat_unit_type_dragoons,STATE_SANTO_DOMINGO,1,,,,,,,,,,,,,,,,,,
c:CLM,Ejercito_De_Colombia,army,sr:region_gran_colombia,,combat_unit_type_trench_infantry,STATE_CUNDINAMARCA,10,combat_unit_type_dragoons,STATE_CUNDINAMARCA,2,combat_unit_type_shrapnel_artillery,STATE_CUNDINAMARCA,2,,,,,,,,,,,,,,,
c:VNZ,Ejercito_De_Venezuela,army,sr:region_gran_colombia,,combat_unit_type_trench_infantry,STATE_MIRANDA,6,combat_unit_type_dragoons,STATE_MIRANDA,2,combat_unit_type_shrapnel_artillery,STATE_MIRANDA,1,,,,,,,,,,,,,,,
c:ECU,Ejercito_De_Ecuador,army,sr:region_andes,,combat_unit_type_trench_infantry,STATE_ECUADOR,5,combat_unit_type_dragoons,STATE_ECUADOR,1,,,,,,,,,,,,,,,,,,
c:PEU,Ejercito_De_Peru,army,sr:region_andes,,combat_unit_type_trench_infantry,STATE_LIMA,8,combat_unit_type_dragoons,STATE_LIMA,1,combat_unit_type_shrapnel_artillery,STATE_LIMA,1,,,,,,,,,,,,,,,
c:PEU,Armada_De_Peru,fleet,sr:region_andes,,combat_unit_type_scout_cruiser,STATE_LIMA,1,combat_unit_type_torpedo_boat,STATE_LIMA,2,,,,,,,,,,,,,,,,,,
c:BOL,Ejercito_De_Bolivia,army,sr:region_andes,,combat_unit_type_trench_infantry,STATE_LA_PAZ,5,combat_unit_type_dragoons,STATE_LA_PAZ,1,combat_unit_type_shrapnel_artillery,STATE_LA_PAZ,1,,,,,,,,,,,,,,,
c:CHL,Ejercito_De_Chile,army,sr:region_la_plata,,combat_unit_type_trench_infantry,STATE_LOS_RIOS;STATE_SANTIAGO,15,combat_unit_type_dragoons,STATE_LOS_RIOS;STATE_SANTIAGO,4,combat_unit_type_shrapnel_artillery,STATE_LOS_RIOS;STATE_SANTIAGO,3,,,,,,,,,,,,,,,
c:CHL,Armada_De_Chile,fleet,sr:region_la_plata,,combat_unit_type_dreadnought,STATE_LOS_RIOS;STATE_SANTIAGO,3,combat_unit_type_scout_cruiser,STATE_LOS_RIOS;STATE_SANTIAGO,5,combat_unit_type_destroyer,STATE_LOS_RIOS;STATE_SANTIAGO,13,combat_unit_type_torpedo_boat,STATE_LOS_RIOS;STATE_SANTIAGO,8,combat_unit_type_submarine,STATE_LOS_RIOS;STATE_SANTIAGO,2,,,,,,,,,
c:ARG,Ejercito_De_Argentina,army,sr:region_la_plata,,combat_unit_type_trench_infantry,STATE_BUENOS_AIRES;STATE_SANTA_FE,30,combat_unit_type_dragoons,STATE_BUENOS_AIRES;STATE_SANTA_FE,8,combat_unit_type_siege_artillery,STATE_BUENOS_AIRES;STATE_SANTA_FE,5,,,,,,,,,,,,,,,
c:ARG,Armada_De_Argentina,fleet,sr:region_la_plata,,combat_unit_type_dreadnought,STATE_BUENOS_AIRES;STATE_SANTA_FE,5,combat_unit_type_scout_cruiser,STATE_BUENOS_AIRES;STATE_SANTA_FE,6,combat_unit_type_destroyer,STATE_BUENOS_AIRES;STATE_SANTA_FE,15,combat_unit_type_torpedo_boat,STATE_BUENOS_AIRES;STATE_SANTA_FE,10,,,,,,,,,,,,
c:PRG,Ejercito_De_Paraguay,army,sr:region_la_plata,,combat_unit_type_trench_infantry,STATE_BAJO_PARAGUAY,4,combat_unit_type_dragoons,STATE_BAJO_PARAGUAY,1,combat_unit_type_shrapnel_artillery,STATE_BAJO_PARAGUAY,1,,,,,,,,,,,,,,,
c:URU,Ejercito_De_Uruguay,army,sr:region_brazil,,combat_unit_type_trench_infantry,STATE_URUGUAY,4,combat_unit_type_dragoons,STATE_URUGUAY,1,combat_unit_type_shrapnel_artillery,STATE_URUGUAY,1,,,,,,,,,,,,,,,
c:BRZ,Exercito_Brasileiro,army,sr:region_brazil,,combat_unit_type_trench_infantry,STATE_PARANA;STATE_SAO_PAULO;STATE_MINAS_GERAIS;STATE_RIO_DE_JANEIRO;STATE_BAHIA,40,combat_unit_type_dragoons,STATE_PARANA;STATE_SAO_PAULO;STATE_MINAS_GERAIS;STATE_RIO_DE_JANEIRO;STATE_BAHIA,8,combat_unit_type_siege_artillery,STATE_PARANA;STATE_SAO_PAULO;STATE_MINAS_GERAIS;STATE_RIO_DE_JANEIRO;STATE_BAHIA,6,,,,,,,,,,,,,,,
c:BRZ,Marinha_Brasileira,fleet,sr:region_brazil,,combat_unit_type_dreadnought,STATE_PARANA;STATE_SAO_PAULO;STATE_RIO_DE_JANEIRO;STATE_BAHIA;STATE_SANTA_CATARINA,5,combat_unit_type_scout_cruiser,STATE_PARANA;STATE_SAO_PAULO;STATE_RIO_DE_JANEIRO;STATE_BAHIA,4,combat_unit_type_destroyer,STATE_PARANA;STATE_SAO_PAULO;STATE_RIO_DE_JANEIRO;STATE_BAHIA,14,combat_unit_type_torpedo_boat,STATE_PARANA;STATE_SAO_PAULO;STATE_RIO_DE_JANEIRO;STATE_BAHIA,4,,,,,,,,,,,,
c:GBR,Regular_Army,army,sr:region_england,,combat_unit_type_trench_infantry,STATE_HOME_COUNTIES;STATE_EAST_ANGLIA;STATE_WEST_COUNTRY;STATE_WALES;STATE_MIDLANDS;STATE_MIDLANDS;STATE_LANCASHIRE;STATE_YORKSHIRE;STATE_LOWLANDS;STATE_HIGHLANDS;STATE_ULSTER;STATE_LEINSTER;STATE_CONNAUGHT;STATE_MUNSTER,80,combat_unit_type_dragoons,STATE_HOME_COUNTIES;STATE_EAST_ANGLIA;STATE_WEST_COUNTRY;STATE_WALES;STATE_MIDLANDS,5,combat_unit_type_siege_artillery,STATE_HOME_COUNTIES;STATE_EAST_ANGLIA;STATE_WEST_COUNTRY;STATE_WALES;STATE_MIDLANDS;STATE_MIDLANDS;STATE_LANCASHIRE;STATE_YORKSHIRE;STATE_LOWLANDS;STATE_HIGHLANDS;STATE_ULSTER;STATE_LEINSTER;STATE_CONNAUGHT;STATE_MUNSTER,65,,,,,,,,,,,,,,,
c:GBR,Territorial_Army,army,sr:region_england,,combat_unit_type_trench_infantry,STATE_HOME_COUNTIES;STATE_EAST_ANGLIA;STATE_WEST_COUNTRY;STATE_WALES;STATE_MIDLANDS;STATE_MIDLANDS;STATE_LANCASHIRE;STATE_YORKSHIRE;STATE_LOWLANDS;STATE_HIGHLANDS;STATE_ULSTER;STATE_LEINSTER;STATE_CONNAUGHT;STATE_MUNSTER,238,combat_unit_type_dragoons,STATE_HOME_COUNTIES;STATE_EAST_ANGLIA;STATE_WEST_COUNTRY;STATE_WALES;STATE_MIDLANDS;STATE_MIDLANDS;STATE_LANCASHIRE;STATE_YORKSHIRE;STATE_LOWLANDS;STATE_HIGHLANDS;STATE_ULSTER;STATE_LEINSTER;STATE_CONNAUGHT;STATE_MUNSTER,25,combat_unit_type_siege_artillery,STATE_HOME_COUNTIES;STATE_EAST_ANGLIA;STATE_WEST_COUNTRY;STATE_WALES;STATE_MIDLANDS;STATE_MIDLANDS;STATE_LANCASHIRE;STATE_YORKSHIRE;STATE_LOWLANDS;STATE_HIGHLANDS;STATE_ULSTER;STATE_LEINSTER;STATE_CONNAUGHT;STATE_MUNSTER,14,,,,,,,,,,,,,,,
c:GBR,Malta_Militia,army,sr:region_italy,,combat_unit_type_trench_infantry,STATE_MALTA,1,,,,,,,,,,,,,,,,,,,,,
c:GBR,Bermuda_Militia,army,sr:region_new_england,,combat_unit_type_trench_infantry,STATE_JAMAICA,1,,,,,,,,,,,,,,,,,,,,,
c:GBR,Kuwait_Militia,army,sr:region_arabic,,combat_unit_type_trench_infantry,STATE_BASRA,5,,,,,,,,,,,,,,,,,,,,,
c:GBR,Hong_Kong_Garrison,army,sr:region_south_china,,combat_unit_type_trench_infantry,STATE_SHAOZHOU,2,,,,,,,,,,,,,,,,,,,,,
c:GBR,Grand_Fleet,fleet,sr:region_north_sea_coast,,combat_unit_type_dreadnought,STATE_HOME_COUNTIES;STATE_EAST_ANGLIA;STATE_WEST_COUNTRY;STATE_WALES;STATE_MIDLANDS;STATE_MIDLANDS;STATE_LANCASHIRE;STATE_YORKSHIRE;STATE_LOWLANDS;STATE_HIGHLANDS,28,combat_unit_type_scout_cruiser,STATE_HOME_COUNTIES;STATE_EAST_ANGLIA;STATE_WEST_COUNTRY;STATE_WALES;STATE_MIDLANDS;STATE_MIDLANDS;STATE_LANCASHIRE;STATE_YORKSHIRE;STATE_LOWLANDS;STATE_HIGHLANDS,72,combat_unit_type_destroyer,STATE_HOME_COUNTIES;STATE_EAST_ANGLIA;STATE_WEST_COUNTRY;STATE_WALES;STATE_MIDLANDS;STATE_MIDLANDS;STATE_LANCASHIRE;STATE_YORKSHIRE;STATE_LOWLANDS;STATE_HIGHLANDS;STATE_ULSTER;STATE_LEINSTER;STATE_CONNAUGHT;STATE_MUNSTER;STATE_JAMAICA;STATE_BAHAMAS,215,combat_unit_type_submarine,STATE_HOME_COUNTIES;STATE_EAST_ANGLIA;STATE_WEST_COUNTRY;STATE_WALES;STATE_MIDLANDS;STATE_MIDLANDS;STATE_LANCASHIRE;STATE_YORKSHIRE;STATE_LOWLANDS;STATE_HIGHLANDS;STATE_ULSTER;STATE_LEINSTER;STATE_CONNAUGHT;STATE_MUNSTER;STATE_JAMAICA;STATE_BAHAMAS,74,combat_unit_type_torpedo_boat,STATE_HOME_COUNTIES;STATE_EAST_ANGLIA;STATE_WEST_COUNTRY;STATE_WALES;STATE_MIDLANDS;STATE_MIDLANDS;STATE_LANCASHIRE;STATE_YORKSHIRE;STATE_LOWLANDS;STATE_HIGHLANDS;STATE_ULSTER;STATE_LEINSTER;STATE_CONNAUGHT;STATE_MUNSTER;STATE_JAMAICA;STATE_BAHAMAS,68,,,,,,,,,
c:GBR,Mediterranean_Fleet,fleet,sr:region_anatolia,,combat_unit_type_dreadnought,STATE_ULSTER;STATE_LEINSTER;STATE_CONNAUGHT;STATE_MUNSTER,4,combat_unit_type_scout_cruiser,STATE_HOME_COUNTIES;STATE_EAST_ANGLIA;STATE_WEST_COUNTRY;STATE_WALES;STATE_MIDLANDS;STATE_MIDLANDS;STATE_LANCASHIRE;STATE_YORKSHIRE;STATE_LOWLANDS;STATE_HIGHLANDS,10,combat_unit_type_destroyer,STATE_HOME_COUNTIES;STATE_EAST_ANGLIA;STATE_WEST_COUNTRY;STATE_WALES;STATE_MIDLANDS;STATE_MIDLANDS;STATE_LANCASHIRE;STATE_YORKSHIRE;STATE_LOWLANDS;STATE_HIGHLANDS;STATE_ULSTER;STATE_LEINSTER;STATE_CONNAUGHT;STATE_MUNSTER,35,combat_unit_type_submarine,STATE_HOME_COUNTIES;STATE_EAST_ANGLIA;STATE_WEST_COUNTRY;STATE_WALES;STATE_MIDLANDS;STATE_MIDLANDS;STATE_LANCASHIRE;STATE_YORKSHIRE;STATE_LOWLANDS;STATE_HIGHLANDS,12,,,,,,,,,,,,
c:GBR,Atlantic_Fleet,fleet,sr:region_new_england,,combat_unit_type_dreadnought,STATE_HOME_COUNTIES;STATE_EAST_ANGLIA;STATE_WEST_COUNTRY;STATE_WALES;STATE_MIDLANDS;STATE_MIDLANDS;STATE_LANCASHIRE;STATE_YORKSHIRE;STATE_LOWLANDS;STATE_HIGHLANDS,8,combat_unit_type_scout_cruiser,STATE_HOME_COUNTIES;STATE_EAST_ANGLIA;STATE_WEST_COUNTRY;STATE_WALES;STATE_MIDLANDS;STATE_MIDLANDS;STATE_LANCASHIRE;STATE_YORKSHIRE;STATE_LOWLANDS;STATE_HIGHLANDS,12,combat_unit_type_destroyer,STATE_HOME_COUNTIES;STATE_EAST_ANGLIA;STATE_WEST_COUNTRY;STATE_WALES;STATE_MIDLANDS;STATE_MIDLANDS;STATE_LANCASHIRE;STATE_YORKSHIRE;STATE_LOWLANDS;STATE_HIGHLANDS;STATE_ULSTER;STATE_LEINSTER;STATE_CONNAUGHT;STATE_MUNSTER,28,,,,,,,,,,,,,,,
c:GBR,China_Station,fleet,sr:region_south_china,,combat_unit_type_scout_cruiser,STATE_SHAOZHOU,12,combat_unit_type_destroyer,STATE_SHAOZHOU,15,,,,,,,,,,,,,,,,,,
c:GBR,East_Indies_Station,fleet,sr:region_zanj,,combat_unit_type_scout_cruiser,STATE_CYPRUS;STATE_MALTA,8,combat_unit_type_destroyer,STATE_CYPRUS;STATE_MALTA,10,,,,,,,,,,,,,,,,,,
c:GBR,Home_Fleet,fleet,sr:region_england,,combat_unit_type_dreadnought,STATE_ULSTER;STATE_MUNSTER;STATE_JAMAICA,3,combat_unit_type_scout_cruiser,STATE_ULSTER;STATE_LEINSTER;STATE_CONNAUGHT;STATE_MUNSTER;STATE_JAMAICA;STATE_BAHAMAS,6,combat_unit_type_destroyer,STATE_ULSTER;STATE_LEINSTER;STATE_CONNAUGHT;STATE_MUNSTER;STATE_JAMAICA;STATE_BAHAMAS,60,combat_unit_type_submarine,STATE_ULSTER;STATE_LEINSTER;STATE_CONNAUGHT;STATE_MUNSTER;STATE_JAMAICA;STATE_BAHAMAS,15,,,,,,,,,,,,
c:FRA,1ere_Armee_De_Dole,army,sr:region_france,,combat_unit_type_trench_infantry,STATE_FRENCH_LOW_COUNTRIES;STATE_PICARDY;STATE_ILE_DE_FRANCE;STATE_NORMANDY;STATE_BRITTANY;STATE_MAINE_ANJOU;STATE_ORLEANS;STATE_POITOU;STATE_AQUITAINE;STATE_GUYENNE;STATE_LANGUEDOC;STATE_AUVERGNE_LIMOUSIN;STATE_PROVENCE;STATE_RHONE;STATE_SAVOY;STATE_BURGUNDY;STATE_FRANCHE_COMTE;STATE_CHAMPAGNE;STATE_LORRAINE;STATE_CORSICA,250,combat_unit_type_dragoons,STATE_FRENCH_LOW_COUNTRIES;STATE_PICARDY;STATE_ILE_DE_FRANCE;STATE_NORMANDY;STATE_BRITTANY;STATE_MAINE_ANJOU;STATE_ORLEANS;STATE_POITOU;STATE_AQUITAINE;STATE_GUYENNE;STATE_LANGUEDOC;STATE_AUVERGNE_LIMOUSIN;STATE_PROVENCE;STATE_RHONE;STATE_SAVOY;STATE_BURGUNDY;STATE_FRANCHE_COMTE;STATE_CHAMPAGNE;STATE_LORRAINE;STATE_CORSICA,40,combat_unit_type_siege_artillery,STATE_FRENCH_LOW_COUNTRIES;STATE_PICARDY;STATE_ILE_DE_FRANCE;STATE_NORMANDY;STATE_BRITTANY;STATE_MAINE_ANJOU;STATE_ORLEANS;STATE_POITOU;STATE_AQUITAINE;STATE_GUYENNE;STATE_LANGUEDOC;STATE_AUVERGNE_LIMOUSIN;STATE_PROVENCE;STATE_RHONE;STATE_SAVOY;STATE_BURGUNDY;STATE_FRANCHE_COMTE;STATE_CHAMPAGNE;STATE_LORRAINE;STATE_CORSICA,60,,,,,,,,,,,,,,,
c:FRA,2nd_Armee_De_Dijon,army,sr:region_france,,combat_unit_type_trench_infantry,STATE_FRENCH_LOW_COUNTRIES;STATE_PICARDY;STATE_ILE_DE_FRANCE;STATE_NORMANDY;STATE_BRITTANY;STATE_MAINE_ANJOU;STATE_ORLEANS;STATE_POITOU;STATE_AQUITAINE;STATE_GUYENNE;STATE_LANGUEDOC;STATE_AUVERGNE_LIMOUSIN;STATE_PROVENCE;STATE_RHONE;STATE_SAVOY;STATE_BURGUNDY;STATE_FRANCHE_COMTE;STATE_CHAMPAGNE;STATE_LORRAINE;STATE_CORSICA,80,combat_unit_type_dragoons,STATE_FRENCH_LOW_COUNTRIES;STATE_PICARDY;STATE_ILE_DE_FRANCE;STATE_NORMANDY;STATE_BRITTANY;STATE_MAINE_ANJOU;STATE_ORLEANS;STATE_POITOU;STATE_AQUITAINE;STATE_GUYENNE;STATE_LANGUEDOC;STATE_AUVERGNE_LIMOUSIN;STATE_PROVENCE;STATE_RHONE;STATE_SAVOY;STATE_BURGUNDY;STATE_FRANCHE_COMTE;STATE_CHAMPAGNE;STATE_LORRAINE;STATE_CORSICA,30,combat_unit_type_siege_artillery,STATE_FRENCH_LOW_COUNTRIES;STATE_PICARDY;STATE_ILE_DE_FRANCE;STATE_NORMANDY;STATE_BRITTANY;STATE_MAINE_ANJOU;STATE_ORLEANS;STATE_POITOU;STATE_AQUITAINE;STATE_GUYENNE;STATE_LANGUEDOC;STATE_AUVERGNE_LIMOUSIN;STATE_PROVENCE;STATE_RHONE;STATE_SAVOY;STATE_BURGUNDY;STATE_FRANCHE_COMTE;STATE_CHAMPAGNE;STATE_LORRAINE;STATE_CORSICA,50,,,,,,,,,,,,,,,
c:FRA,3eme_Armee_De_Chalons,army,sr:region_occitania,,combat_unit_type_trench_infantry,STATE_FRENCH_LOW_COUNTRIES;STATE_PICARDY;STATE_ILE_DE_FRANCE;STATE_NORMANDY;STATE_BRITTANY;STATE_MAINE_ANJOU;STATE_ORLEANS;STATE_POITOU;STATE_AQUITAINE;STATE_GUYENNE;STATE_LANGUEDOC;STATE_AUVERGNE_LIMOUSIN;STATE_PROVENCE;STATE_RHONE;STATE_SAVOY;STATE_BURGUNDY;STATE_FRANCHE_COMTE;STATE_CHAMPAGNE;STATE_LORRAINE;STATE_CORSICA,80,combat_unit_type_dragoons,STATE_FRENCH_LOW_COUNTRIES;STATE_PICARDY;STATE_ILE_DE_FRANCE;STATE_NORMANDY;STATE_BRITTANY;STATE_MAINE_ANJOU;STATE_ORLEANS;STATE_POITOU;STATE_AQUITAINE;STATE_GUYENNE;STATE_LANGUEDOC;STATE_AUVERGNE_LIMOUSIN;STATE_PROVENCE;STATE_RHONE;STATE_SAVOY;STATE_BURGUNDY;STATE_FRANCHE_COMTE;STATE_CHAMPAGNE;STATE_LORRAINE;STATE_CORSICA,20,combat_unit_type_siege_artillery,STATE_FRENCH_LOW_COUNTRIES;STATE_PICARDY;STATE_ILE_DE_FRANCE;STATE_NORMANDY;STATE_BRITTANY;STATE_MAINE_ANJOU;STATE_ORLEANS;STATE_POITOU;STATE_AQUITAINE;STATE_GUYENNE;STATE_LANGUEDOC;STATE_AUVERGNE_LIMOUSIN;STATE_PROVENCE;STATE_RHONE;STATE_SAVOY;STATE_BURGUNDY;STATE_FRANCHE_COMTE;STATE_CHAMPAGNE;STATE_LORRAINE;STATE_CORSICA,30,,,,,,,,,,,,,,,
c:FRA,4eme_Armee_De_Fontainebleau,army,sr:region_occitania,,combat_unit_type_trench_infantry,STATE_FRENCH_LOW_COUNTRIES;STATE_PICARDY;STATE_ILE_DE_FRANCE;STATE_NORMANDY;STATE_BRITTANY;STATE_MAINE_ANJOU;STATE_ORLEANS;STATE_POITOU;STATE_AQUITAINE;STATE_GUYENNE;STATE_LANGUEDOC;STATE_AUVERGNE_LIMOUSIN;STATE_PROVENCE;STATE_RHONE;STATE_SAVOY;STATE_BURGUNDY;STATE_FRANCHE_COMTE;STATE_CHAMPAGNE;STATE_LORRAINE;STATE_CORSICA,30,combat_unit_type_dragoons,STATE_FRENCH_LOW_COUNTRIES;STATE_PICARDY;STATE_NORMANDY;STATE_BRITTANY;STATE_MAINE_ANJOU,5,combat_unit_type_siege_artillery,STATE_FRENCH_LOW_COUNTRIES;STATE_PICARDY;STATE_NORMANDY;STATE_BRITTANY;STATE_MAINE_ANJOU;STATE_ORLEANS;STATE_POITOU;STATE_AQUITAINE;STATE_GUYENNE;STATE_LANGUEDOC;STATE_AUVERGNE_LIMOUSIN;STATE_PROVENCE;STATE_RHONE;STATE_SAVOY;STATE_BURGUNDY;STATE_FRANCHE_COMTE;STATE_CHAMPAGNE;STATE_LORRAINE,10,,,,,,,,,,,,,,,
c:FRA,5eme_Armee_De_Paris,army,sr:region_france,,combat_unit_type_trench_infantry,STATE_FRENCH_LOW_COUNTRIES;STATE_PICARDY;STATE_ILE_DE_FRANCE;STATE_NORMANDY;STATE_BRITTANY;STATE_MAINE_ANJOU;STATE_ORLEANS;STATE_POITOU;STATE_AQUITAINE;STATE_GUYENNE;STATE_LANGUEDOC;STATE_AUVERGNE_LIMOUSIN;STATE_PROVENCE;STATE_RHONE;STATE_SAVOY;STATE_BURGUNDY;STATE_FRANCHE_COMTE;STATE_CHAMPAGNE;STATE_LORRAINE;STATE_CORSICA,20,combat_unit_type_dragoons,STATE_FRENCH_LOW_COUNTRIES;STATE_PICARDY;STATE_NORMANDY;STATE_BRITTANY;STATE_MAINE_ANJOU,5,combat_unit_type_siege_artillery,STATE_FRENCH_LOW_COUNTRIES;STATE_PICARDY;STATE_NORMANDY;STATE_BRITTANY;STATE_MAINE_ANJOU;STATE_ORLEANS;STATE_POITOU;STATE_AQUITAINE;STATE_GUYENNE;STATE_LANGUEDOC;STATE_AUVERGNE_LIMOUSIN;STATE_PROVENCE;STATE_RHONE;STATE_SAVOY;STATE_BURGUNDY;STATE_FRANCHE_COMTE;STATE_CHAMPAGNE;STATE_LORRAINE,15,,,,,,,,,,,,,,,
c:FRA,Legion_Etrangere,army,sr:region_north_africa,,combat_unit_type_trench_infantry,STATE_ORAN;STATE_ALGIERS;STATE_CONSTANTINE,15,,,,combat_unit_type_siege_artillery,STATE_ORAN;STATE_ALGIERS;STATE_CONSTANTINE,5,,,,,,,,,,,,,,,
c:FRA,Tirailleurs_Algeriens,army,sr:region_north_africa,,combat_unit_type_trench_infantry,STATE_ORAN;STATE_ALGIERS,10,,,,,,,,,,,,,,,,,,,,,
c:FRA,Escadre_De_La_Mediterranee,fleet,sr:region_occitania,,combat_unit_type_dreadnought,STATE_LANGUEDOC;STATE_PROVENCE;STATE_CORSICA;STATE_ALGIERS,18,combat_unit_type_scout_cruiser,STATE_LANGUEDOC;STATE_PROVENCE;STATE_CORSICA;STATE_ALGIERS;STATE_CONSTANTINE;STATE_ORAN,21,combat_unit_type_destroyer,STATE_LANGUEDOC;STATE_PROVENCE;STATE_CORSICA;STATE_ALGIERS;STATE_CONSTANTINE;STATE_ORAN,46,combat_unit_type_torpedo_boat,STATE_LANGUEDOC;STATE_PROVENCE;STATE_CORSICA;STATE_ALGIERS;STATE_CONSTANTINE;STATE_ORAN,110,combat_unit_type_submarine,STATE_LANGUEDOC;STATE_PROVENCE;STATE_CORSICA;STATE_ALGIERS;STATE_CONSTANTINE;STATE_ORAN,55,,,,,,,,,
c:FRA,Escadre_Du_Nord,fleet,sr:region_france,,combat_unit_type_dreadnought,STATE_FRENCH_LOW_COUNTRIES;STATE_PICARDY;STATE_NORMANDY;STATE_BRITTANY,8,combat_unit_type_scout_cruiser,STATE_FRENCH_LOW_COUNTRIES;STATE_PICARDY;STATE_NORMANDY;STATE_BRITTANY,8,combat_unit_type_destroyer,STATE_FRENCH_LOW_COUNTRIES;STATE_PICARDY;STATE_NORMANDY;STATE_BRITTANY,28,combat_unit_type_torpedo_boat,STATE_FRENCH_LOW_COUNTRIES;STATE_PICARDY;STATE_NORMANDY;STATE_BRITTANY,64,combat_unit_type_submarine,STATE_FRENCH_LOW_COUNTRIES;STATE_PICARDY;STATE_NORMANDY;STATE_BRITTANY,34,,,,,,,,,
c:FRA,Escadrille_De_L'Orient,fleet,sr:region_madras,,,,,combat_unit_type_scout_cruiser,STATE_MADRAS,1,combat_unit_type_destroyer,STATE_PICARDY;STATE_NORMANDY;STATE_BRITTANY,3,combat_unit_type_torpedo_boat,STATE_FRENCH_LOW_COUNTRIES;STATE_PICARDY;STATE_NORMANDY;STATE_BRITTANY,4,,,,,,,,,,,,
c:FRA,Escadrille_De_L'Afrique,fleet,sr:region_north_africa,,,,,combat_unit_type_scout_cruiser,STATE_ORAN,1,combat_unit_type_destroyer,STATE_ORAN;STATE_CONSTANTINE,6,combat_unit_type_torpedo_boat,STATE_ORAN,7,,,,,,,,,,,,
c:FRA,Escadrille_Des_Caraibes,fleet,sr:region_caribbean,,,,,,,,combat_unit_type_destroyer,STATE_WEST_INDIES,2,combat_unit_type_torpedo_boat,STATE_WEST_INDIES,3,,,,,,,,,,,,
c:SPA,Ejercito_Espanol,army,sr:region_iberia,,combat_unit_type_trench_infantry,STATE_CATALONIA;STATE_ARAGON;STATE_NAVARRA;STATE_ASTURIAS;STATE_GALICIA;STATE_CASTILE;STATE_BADAJOZ;STATE_TOLEDO;STATE_VALENCIA;STATE_GRANADA;STATE_ANDALUSIA,100,combat_unit_type_dragoons,STATE_CATALONIA;STATE_ARAGON;STATE_NAVARRA;STATE_ASTURIAS;STATE_GALICIA;STATE_CASTILE;STATE_BADAJOZ;STATE_TOLEDO;STATE_VALENCIA;STATE_GRANADA;STATE_ANDALUSIA,30,combat_unit_type_shrapnel_artillery,STATE_CATALONIA;STATE_ARAGON;STATE_NAVARRA;STATE_ASTURIAS;STATE_GALICIA;STATE_CASTILE;STATE_BADAJOZ;STATE_TOLEDO;STATE_VALENCIA;STATE_GRANADA;STATE_ANDALUSIA,50,,,,,,,,,,,,,,,
c:SPA,Ejercito_Colonial,army,sr:region_north_africa,,combat_unit_type_trench_infantry,STATE_ANDALUSIA;STATE_GRANADA;STATE_AL_RIF,15,combat_unit_type_dragoons,STATE_ANDALUSIA;STATE_GRANADA;STATE_AL_RIF,5,combat_unit_type_shrapnel_artillery,STATE_ANDALUSIA;STATE_GRANADA;STATE_AL_RIF,10,,,,,,,,,,,,,,,
c:SPA,Guarnicion_De_Bata,army,sr:region_congo,,combat_unit_type_trench_infantry,STATE_GABON,1,,,,,,,,,,,,,,,,,,,,,
c:SPA,Armada_Espanola,fleet,sr:region_iberia,,combat_unit_type_dreadnought,STATE_GALICIA,2,combat_unit_type_scout_cruiser,STATE_CATALONIA;STATE_VALENCIA;STATE_ASTURIAS;STATE_GALICIA,3,combat_unit_type_destroyer,STATE_CATALONIA;STATE_VALENCIA;STATE_ASTURIAS;STATE_GALICIA,8,combat_unit_type_torpedo_boat,STATE_CATALONIA;STATE_VALENCIA;STATE_ASTURIAS;STATE_GALICIA,12,combat_unit_type_submarine,STATE_CATALONIA;STATE_VALENCIA;STATE_ASTURIAS;STATE_GALICIA,2,,,,,,,,,
c:POR,Exercito_Portugues,army,sr:region_iberia,,combat_unit_type_trench_infantry,STATE_BEIRA;STATE_ESTREMADURA;STATE_ALENTEJO,20,combat_unit_type_dragoons,STATE_BEIRA;STATE_ESTREMADURA;STATE_ALENTEJO,8,combat_unit_type_shrapnel_artillery,STATE_BEIRA;STATE_ESTREMADURA;STATE_ALENTEJO,12,,,,,,,,,,,,,,,
c:POR,Guarnicao_De_Ziguinchor,army,sr:region_senegal,,combat_unit_type_trench_infantry,STATE_GAMBIA,1,,,,,,,,,,,,,,,,,,,,,
c:POR,Guarnicao_De_Macao,army,sr:region_south_china,,combat_unit_type_trench_infantry,STATE_GUANGDONG,1,,,,,,,,,,,,,,,,,,,,,
c:POR,Marinha_Portuguesa,fleet,sr:region_iberia,,,,,combat_unit_type_scout_cruiser,STATE_BEIRA;STATE_ESTREMADURA;STATE_ALENTEJO,2,combat_unit_type_destroyer,STATE_BEIRA;STATE_ESTREMADURA;STATE_ALENTEJO,4,combat_unit_type_torpedo_boat,STATE_BEIRA;STATE_ESTREMADURA;STATE_ALENTEJO,20,,,,,,,,,,,,
c:BEL,Forces_Armees_Belges,army,sr:region_rhine,,combat_unit_type_trench_infantry,STATE_WALLONIA;STATE_FLANDERS,60,combat_unit_type_dragoons,STATE_WALLONIA;STATE_FLANDERS,25,combat_unit_type_siege_artillery,STATE_WALLONIA;STATE_FLANDERS,35,,,,,,,,,,,,,,,
c:BEL,Garde_Civique,army,sr:region_rhine,,combat_unit_type_trench_infantry,STATE_WALLONIA;STATE_FLANDERS,60,,,,,,,,,,,,,,,,,,,,,
c:BEL,Composante_Marine,fleet,sr:region_rhine,,combat_unit_type_scout_cruiser,STATE_FLANDERS,1,combat_unit_type_destroyer,STATE_FLANDERS,5,,,,,,,,,,,,,,,,,,
c:NET,Koninklijke_Landmacht,army,sr:region_rhine,,combat_unit_type_trench_infantry,STATE_HOLLAND;STATE_GELRE;STATE_FRIESLAND,70,combat_unit_type_dragoons,STATE_HOLLAND;STATE_GELRE;STATE_FRIESLAND,10,combat_unit_type_siege_artillery,STATE_HOLLAND;STATE_GELRE;STATE_FRIESLAND,20,,,,,,,,,,,,,,,
c:NET,Koninklijke_Marine,fleet,sr:region_rhine,,combat_unit_type_dreadnought,STATE_HOLLAND;STATE_FRIESLAND,4,combat_unit_type_scout_cruiser,STATE_HOLLAND;STATE_FRIESLAND,6,combat_unit_type_destroyer,STATE_HOLLAND;STATE_FRIESLAND,8,combat_unit_type_torpedo_boat,STATE_HOLLAND;STATE_FRIESLAND,47,,,,,,,,,,,,
c:SWI,Swiss_Armed_Forces,army,sr:region_south_germany,,combat_unit_type_trench_infantry,STATE_WEST_SWITZERLAND;STATE_EAST_SWITZERLAND,120,combat_unit_type_dragoons,STATE_WEST_SWITZERLAND;STATE_EAST_SWITZERLAND,2,combat_unit_type_siege_artillery,STATE_WEST_SWITZERLAND;STATE_EAST_SWITZERLAND,28,,,,,,,,,,,,,,,
c:ITA,Corpo_d'Armata_I,army,sr:region_italy,,combat_unit_type_trench_infantry,STATE_PIEDMONT;STATE_LOMBARDY;STATE_VENETIA;STATE_EMILIA;STATE_ROMAGNA;STATE_TUSCANY;STATE_UMBRIA;STATE_LAZIO;STATE_ABRUZZO;STATE_CAMPANIA;STATE_APULIA;STATE_CALABRIA;STATE_SICILY;STATE_SARDINIA,95,combat_unit_type_dragoons,STATE_PIEDMONT;STATE_LOMBARDY;STATE_VENETIA;STATE_EMILIA;STATE_ROMAGNA;STATE_TUSCANY;STATE_UMBRIA;STATE_LAZIO;STATE_ABRUZZO;STATE_CAMPANIA;STATE_APULIA;STATE_CALABRIA;STATE_SICILY;STATE_SARDINIA,30,combat_unit_type_siege_artillery,STATE_PIEDMONT;STATE_LOMBARDY;STATE_VENETIA;STATE_EMILIA;STATE_ROMAGNA;STATE_TUSCANY;STATE_UMBRIA;STATE_LAZIO;STATE_ABRUZZO;STATE_CAMPANIA;STATE_APULIA;STATE_CALABRIA;STATE_SICILY;STATE_SARDINIA,40,,,,,,,,,,,,,,,
c:ITA,Corpo_d'Armata_II,army,sr:region_italy,,combat_unit_type_trench_infantry,STATE_PIEDMONT;STATE_LOMBARDY;STATE_VENETIA;STATE_EMILIA;STATE_ROMAGNA;STATE_TUSCANY;STATE_UMBRIA;STATE_LAZIO;STATE_ABRUZZO;STATE_CAMPANIA;STATE_APULIA;STATE_CALABRIA;STATE_SICILY;STATE_SARDINIA,60,combat_unit_type_dragoons,STATE_PIEDMONT;STATE_LOMBARDY;STATE_VENETIA;STATE_EMILIA;STATE_ROMAGNA;STATE_TUSCANY;STATE_UMBRIA;STATE_LAZIO;STATE_ABRUZZO;STATE_CAMPANIA;STATE_APULIA;STATE_CALABRIA;STATE_SICILY;STATE_SARDINIA,10,combat_unit_type_siege_artillery,STATE_PIEDMONT;STATE_LOMBARDY;STATE_VENETIA;STATE_EMILIA;STATE_ROMAGNA;STATE_TUSCANY;STATE_UMBRIA;STATE_LAZIO;STATE_ABRUZZO;STATE_CAMPANIA;STATE_APULIA;STATE_CALABRIA;STATE_SICILY;STATE_SARDINIA,20,,,,,,,,,,,,,,,
c:ITA,Corpo_d'Armata_III,army,sr:region_italy,,combat_unit_type_trench_infantry,STATE_PIEDMONT;STATE_LOMBARDY;STATE_VENETIA;STATE_EMILIA;STATE_ROMAGNA;STATE_TUSCANY;STATE_UMBRIA;STATE_LAZIO;STATE_ABRUZZO;STATE_CAMPANIA;STATE_APULIA;STATE_CALABRIA;STATE_SICILY;STATE_SARDINIA,10,combat_unit_type_dragoons,STATE_PIEDMONT;STATE_LOMBARDY;STATE_VENETIA;STATE_EMILIA;STATE_ROMAGNA,5,,,,,,,,,,,,,,,,,,
c:ITA,Corpo_d'Armata_IV,army,sr:region_italy,,combat_unit_type_trench_infantry,STATE_PIEDMONT;STATE_LOMBARDY;STATE_VENETIA;STATE_EMILIA;STATE_ROMAGNA,5,,,,,,,,,,,,,,,,,,,,,
c:ITA,Regia_Marina,fleet,sr:region_italy,,combat_unit_type_dreadnought,STATE_PIEDMONT;STATE_VENETIA;STATE_EMILIA;STATE_ROMAGNA;STATE_TUSCANY;STATE_UMBRIA,8,combat_unit_type_scout_cruiser,STATE_PIEDMONT;STATE_VENETIA;STATE_EMILIA;STATE_ROMAGNA;STATE_TUSCANY;STATE_UMBRIA,30,combat_unit_type_destroyer,STATE_PIEDMONT;STATE_VENETIA;STATE_EMILIA;STATE_ROMAGNA;STATE_TUSCANY;STATE_UMBRIA,50,combat_unit_type_torpedo_boat,STATE_PIEDMONT;STATE_VENETIA;STATE_EMILIA;STATE_ROMAGNA;STATE_TUSCANY;STATE_UMBRIA,80,combat_unit_type_submarine,STATE_PIEDMONT;STATE_VENETIA;STATE_EMILIA;STATE_ROMAGNA;STATE_TUSCANY;STATE_UMBRIA,8,,,,,,,,,
c:GER,Armeekorps_I,army,sr:region_north_germany,,combat_unit_type_trench_infantry,STATE_RUHR;STATE_EAST_PRUSSIA;STATE_WEST_PRUSSIA;STATE_POSEN;STATE_SILESIA;STATE_POMERANIA;STATE_BRANDENBURG;STATE_MECKLENBURG;STATE_ANHALT;STATE_SAXONY;STATE_SCHLESWIG_HOLSTEIN;STATE_ELBE;STATE_HANNOVER;STATE_BRUNSWICK;STATE_WESTPHALIA;STATE_RUHR;STATE_NORTH_RHINE;STATE_RHINELAND;STATE_ALSACE_LORRAINE;STATE_HESSE;STATE_BADEN;STATE_WURTTEMBERG;STATE_FRANCONIA;STATE_BAVARIA,180,combat_unit_type_dragoons,STATE_EAST_PRUSSIA;STATE_WEST_PRUSSIA;STATE_POSEN;STATE_SILESIA;STATE_POMERANIA;STATE_BRANDENBURG;STATE_MECKLENBURG;STATE_ANHALT;STATE_SAXONY;STATE_SCHLESWIG_HOLSTEIN;STATE_ELBE;STATE_HANNOVER;STATE_BRUNSWICK;STATE_WESTPHALIA;STATE_RUHR;STATE_NORTH_RHINE;STATE_RHINELAND;STATE_ALSACE_LORRAINE;STATE_HESSE;STATE_BADEN;STATE_WURTTEMBERG;STATE_FRANCONIA;STATE_BAVARIA,50,combat_unit_type_siege_artillery,STATE_EAST_PRUSSIA;STATE_WEST_PRUSSIA;STATE_POSEN;STATE_SILESIA;STATE_POMERANIA;STATE_BRANDENBURG;STATE_MECKLENBURG;STATE_ANHALT;STATE_SAXONY;STATE_SCHLESWIG_HOLSTEIN;STATE_ELBE;STATE_HANNOVER;STATE_BRUNSWICK;STATE_WESTPHALIA;STATE_RUHR;STATE_NORTH_RHINE;STATE_RHINELAND;STATE_ALSACE_LORRAINE;STATE_HESSE;STATE_BADEN;STATE_WURTTEMBERG;STATE_FRANCONIA;STATE_BAVARIA,125,,,,,,,,,,,,,,,
c:GER,Armeekorps_II,army,sr:region_north_germany,,combat_unit_type_trench_infantry,STATE_EAST_PRUSSIA;STATE_WEST_PRUSSIA;STATE_POSEN;STATE_SILESIA;STATE_POMERANIA;STATE_BRANDENBURG;STATE_MECKLENBURG;STATE_ANHALT;STATE_SAXONY;STATE_SCHLESWIG_HOLSTEIN;STATE_ELBE;STATE_HANNOVER;STATE_BRUNSWICK;STATE_WESTPHALIA;STATE_RUHR;STATE_NORTH_RHINE;STATE_RHINELAND;STATE_ALSACE_LORRAINE;STATE_HESSE;STATE_BADEN;STATE_WURTTEMBERG;STATE_FRANCONIA;STATE_BAVARIA,100,combat_unit_type_dragoons,STATE_EAST_PRUSSIA;STATE_WEST_PRUSSIA;STATE_POSEN;STATE_SILESIA;STATE_POMERANIA;STATE_BRANDENBURG;STATE_MECKLENBURG;STATE_ANHALT;STATE_SAXONY;STATE_SCHLESWIG_HOLSTEIN;STATE_ELBE;STATE_HANNOVER;STATE_BRUNSWICK;STATE_WESTPHALIA;STATE_RUHR;STATE_NORTH_RHINE;STATE_RHINELAND;STATE_ALSACE_LORRAINE;STATE_HESSE;STATE_BADEN;STATE_WURTTEMBERG;STATE_FRANCONIA;STATE_BAVARIA,25,combat_unit_type_siege_artillery,STATE_EAST_PRUSSIA;STATE_WEST_PRUSSIA;STATE_POSEN;STATE_SILESIA;STATE_POMERANIA;STATE_BRANDENBURG;STATE_MECKLENBURG;STATE_ANHALT;STATE_SAXONY;STATE_SCHLESWIG_HOLSTEIN;STATE_ELBE;STATE_HANNOVER;STATE_BRUNSWICK;STATE_WESTPHALIA;STATE_RUHR;STATE_NORTH_RHINE;STATE_RHINELAND;STATE_ALSACE_LORRAINE;STATE_HESSE;STATE_BADEN;STATE_WURTTEMBERG;STATE_FRANCONIA;STATE_BAVARIA,75,,,,,,,,,,,,,,,
c:GER,Armeekorps_III,army,sr:region_rhine,,combat_unit_type_trench_infantry,STATE_RUHR;STATE_EAST_PRUSSIA;STATE_WEST_PRUSSIA;STATE_POSEN;STATE_SILESIA;STATE_POMERANIA;STATE_BRANDENBURG;STATE_MECKLENBURG;STATE_ANHALT;STATE_SAXONY;STATE_SCHLESWIG_HOLSTEIN;STATE_ELBE;STATE_HANNOVER;STATE_BRUNSWICK;STATE_WESTPHALIA;STATE_RUHR;STATE_NORTH_RHINE;STATE_RHINELAND;STATE_ALSACE_LORRAINE;STATE_HESSE;STATE_BADEN;STATE_WURTTEMBERG;STATE_FRANCONIA;STATE_BAVARIA,25,combat_unit_type_dragoons,STATE_RUHR;STATE_EAST_PRUSSIA;STATE_WEST_PRUSSIA;STATE_POSEN;STATE_SILESIA;STATE_POMERANIA;STATE_BRANDENBURG;STATE_MECKLENBURG;STATE_ANHALT;STATE_SAXONY;STATE_SCHLESWIG_HOLSTEIN;STATE_ELBE;STATE_HANNOVER;STATE_BRUNSWICK;STATE_WESTPHALIA;STATE_RUHR;STATE_NORTH_RHINE;STATE_RHINELAND;STATE_ALSACE_LORRAINE;STATE_HESSE;STATE_BADEN;STATE_WURTTEMBERG;STATE_FRANCONIA;STATE_BAVARIA,10,combat_unit_type_siege_artillery,STATE_RUHR;STATE_EAST_PRUSSIA;STATE_WEST_PRUSSIA;STATE_POSEN;STATE_SILESIA;STATE_POMERANIA;STATE_BRANDENBURG;STATE_MECKLENBURG;STATE_ANHALT;STATE_SAXONY;STATE_SCHLESWIG_HOLSTEIN;STATE_ELBE;STATE_HANNOVER;STATE_BRUNSWICK;STATE_WESTPHALIA;STATE_RUHR;STATE_NORTH_RHINE;STATE_RHINELAND;STATE_ALSACE_LORRAINE;STATE_HESSE;STATE_BADEN;STATE_WURTTEMBERG;STATE_FRANCONIA;STATE_BAVARIA,15,,,,,,,,,,,,,,,
c:GER,Armeekorps_IV,army,sr:region_poland,,combat_unit_type_trench_infantry,STATE_ANHALT;STATE_RUHR,25,combat_unit_type_dragoons,STATE_BADEN;STATE_RUHR,10,combat_unit_type_siege_artillery,STATE_HESSE;STATE_RUHR,15,,,,,,,,,,,,,,,
c:GER,Gardekorps,army,sr:region_north_germany,,combat_unit_type_trench_infantry,STATE_BRANDENBURG,1,combat_unit_type_dragoons,STATE_BRANDENBURG,1,,,,,,,,,,,,,,,,,,
c:GER,Bayerischeskorps,army,sr:region_south_germany,,combat_unit_type_trench_infantry,STATE_FRANCONIA;STATE_BAVARIA,25,combat_unit_type_dragoons,STATE_FRANCONIA;STATE_BAVARIA,10,combat_unit_type_siege_artillery,STATE_FRANCONIA;STATE_BAVARIA,15,,,,,,,,,,,,,,,
c:GER,Kiautschou_Garnison,army,sr:region_north_china,,combat_unit_type_trench_infantry,STATE_SHANDONG,4,,,,,,,,,,,,,,,,,,,,,
c:GER,Hochseeflotte,fleet,sr:region_north_germany,,combat_unit_type_dreadnought,STATE_EAST_PRUSSIA;STATE_WEST_PRUSSIA;STATE_POSEN;STATE_SILESIA;STATE_POMERANIA;STATE_BRANDENBURG;STATE_MECKLENBURG;STATE_ANHALT;STATE_SAXONY;STATE_SCHLESWIG_HOLSTEIN;STATE_ELBE;STATE_HANNOVER;STATE_BRUNSWICK;STATE_WESTPHALIA;STATE_RUHR;STATE_NORTH_RHINE;STATE_RHINELAND;STATE_ALSACE_LORRAINE;STATE_HESSE;STATE_BADEN;STATE_WURTTEMBERG;STATE_FRANCONIA;STATE_BAVARIA,20,combat_unit_type_scout_cruiser,STATE_HANNOVER;STATE_ELBE;STATE_SCHLESWIG_HOLSTEIN;STATE_MECKLENBURG;STATE_POMERANIA;STATE_WEST_PRUSSIA;STATE_EAST_PRUSSIA,49,combat_unit_type_destroyer,STATE_HANNOVER;STATE_ELBE;STATE_SCHLESWIG_HOLSTEIN;STATE_MECKLENBURG;STATE_POMERANIA;STATE_WEST_PRUSSIA;STATE_EAST_PRUSSIA,35,combat_unit_type_torpedo_boat,STATE_HANNOVER;STATE_ELBE;STATE_SCHLESWIG_HOLSTEIN;STATE_MECKLENBURG;STATE_POMERANIA;STATE_WEST_PRUSSIA;STATE_EAST_PRUSSIA,27,combat_unit_type_submarine,STATE_HANNOVER;STATE_ELBE;STATE_SCHLESWIG_HOLSTEIN;STATE_MECKLENBURG;STATE_POMERANIA;STATE_WEST_PRUSSIA;STATE_EAST_PRUSSIA,26,,,,,,,,,
c:GER,Ostseeflotte,fleet,sr:region_poland,,combat_unit_type_dreadnought,STATE_HANNOVER;STATE_ELBE,2,combat_unit_type_scout_cruiser,STATE_HANNOVER;STATE_ELBE;STATE_SCHLESWIG_HOLSTEIN;STATE_MECKLENBURG;STATE_POMERANIA;STATE_WEST_PRUSSIA;STATE_EAST_PRUSSIA,12,combat_unit_type_destroyer,STATE_HANNOVER;STATE_ELBE;STATE_SCHLESWIG_HOLSTEIN;STATE_MECKLENBURG;STATE_POMERANIA;STATE_WEST_PRUSSIA;STATE_EAST_PRUSSIA,15,combat_unit_type_torpedo_boat,STATE_HANNOVER;STATE_ELBE;STATE_SCHLESWIG_HOLSTEIN;STATE_MECKLENBURG;STATE_POMERANIA;STATE_WEST_PRUSSIA;STATE_EAST_PRUSSIA,13,,,,,,,,,,,,
c:GER,Nordsee-Kommando,fleet,sr:region_north_germany,,,,,combat_unit_type_scout_cruiser,STATE_HANNOVER;STATE_ELBE;STATE_SCHLESWIG_HOLSTEIN;STATE_MECKLENBURG;STATE_POMERANIA;STATE_WEST_PRUSSIA;STATE_EAST_PRUSSIA,3,combat_unit_type_destroyer,STATE_HANNOVER;STATE_ELBE;STATE_SCHLESWIG_HOLSTEIN;STATE_MECKLENBURG;STATE_POMERANIA;STATE_WEST_PRUSSIA;STATE_EAST_PRUSSIA,5,combat_unit_type_torpedo_boat,STATE_HANNOVER;STATE_ELBE;STATE_SCHLESWIG_HOLSTEIN;STATE_MECKLENBURG;STATE_POMERANIA;STATE_WEST_PRUSSIA;STATE_EAST_PRUSSIA,4,,,,,,,,,,,,
c:GER,U-Boot-Flottille,fleet,sr:region_north_germany,,,,,,,,,,,,,,combat_unit_type_submarine,STATE_HANNOVER;STATE_ELBE;STATE_SCHLESWIG_HOLSTEIN;STATE_MECKLENBURG;STATE_POMERANIA;STATE_WEST_PRUSSIA;STATE_EAST_PRUSSIA,25,,,,,,,,,
c:GER,Uberseeflotte,fleet,sr:region_north_germany,,,,,combat_unit_type_scout_cruiser,STATE_HANNOVER;STATE_ELBE;STATE_SCHLESWIG_HOLSTEIN;STATE_MECKLENBURG;STATE_POMERANIA;STATE_WEST_PRUSSIA;STATE_EAST_PRUSSIA,3,combat_unit_type_destroyer,STATE_HANNOVER;STATE_ELBE;STATE_SCHLESWIG_HOLSTEIN;STATE_MECKLENBURG;STATE_POMERANIA;STATE_WEST_PRUSSIA;STATE_EAST_PRUSSIA,4,,,,,,,,,,,,,,,
c:GER,Ostasiengeschwader,fleet,sr:region_north_china,,,,,combat_unit_type_scout_cruiser,STATE_HANNOVER;STATE_ELBE;STATE_SCHLESWIG_HOLSTEIN;STATE_MECKLENBURG;STATE_POMERANIA,5,combat_unit_type_destroyer,STATE_HANNOVER;STATE_ELBE;STATE_SCHLESWIG_HOLSTEIN;STATE_MECKLENBURG;STATE_POMERANIA;STATE_WEST_PRUSSIA;STATE_EAST_PRUSSIA,6,,,,,,,,,,,,,,,
c:DEN,Dansk_Haeren,army,sr:region_baltic,,combat_unit_type_trench_infantry,STATE_JUTLAND;STATE_ZEALAND,15,combat_unit_type_dragoons,STATE_JUTLAND;STATE_ZEALAND,2,combat_unit_type_siege_artillery,STATE_JUTLAND;STATE_ZEALAND,5,,,,,,,,,,,,,,,
c:DEN,Dansk_Sovaernet,fleet,sr:region_baltic,,,,,combat_unit_type_scout_cruiser,STATE_JUTLAND;STATE_ZEALAND,2,combat_unit_type_destroyer,STATE_JUTLAND;STATE_ZEALAND,12,combat_unit_type_torpedo_boat,STATE_JUTLAND;STATE_ZEALAND,6,combat_unit_type_submarine,STATE_JUTLAND;STATE_ZEALAND,4,,,,,,,,,
c:NOR,Norvegisk_Haeren,army,sr:region_baltic,,combat_unit_type_trench_infantry,STATE_EASTERN_NORWAY;STATE_WESTERN_NORWAY;STATE_NORTHERN_NORWAY,18,,,,combat_unit_type_siege_artillery,STATE_EASTERN_NORWAY;STATE_WESTERN_NORWAY;STATE_NORTHERN_NORWAY,4,,,,,,,,,,,,,,,
c:NOR,Norvegisk_Sjoforsvaret,fleet,sr:region_baltic,,,,,combat_unit_type_scout_cruiser,STATE_EASTERN_NORWAY;STATE_WESTERN_NORWAY,2,combat_unit_type_destroyer,STATE_EASTERN_NORWAY;STATE_WESTERN_NORWAY,10,combat_unit_type_torpedo_boat,STATE_EASTERN_NORWAY;STATE_WESTERN_NORWAY,6,combat_unit_type_submarine,STATE_EASTERN_NORWAY;STATE_WESTERN_NORWAY,3,,,,,,,,,
c:SWE,Svenska_Armen,army,sr:region_baltic,,combat_unit_type_trench_infantry,STATE_SCANIA;STATE_GOTALAND;STATE_SVEALAND,25,combat_unit_type_dragoons,STATE_SCANIA;STATE_GOTALAND;STATE_SVEALAND;STATE_NORRLAND,5,combat_unit_type_siege_artillery,STATE_SCANIA;STATE_GOTALAND;STATE_SVEALAND;STATE_NORRLAND,10,,,,,,,,,,,,,,,
c:SWE,Svenska_Marinen,fleet,sr:region_baltic,,,,,combat_unit_type_scout_cruiser,STATE_SCANIA;STATE_GOTALAND;STATE_SVEALAND,6,combat_unit_type_destroyer,STATE_SCANIA;STATE_GOTALAND;STATE_SVEALAND,10,combat_unit_type_torpedo_boat,STATE_SCANIA;STATE_GOTALAND;STATE_SVEALAND,16,combat_unit_type_submarine,STATE_SCANIA;STATE_GOTALAND;STATE_SVEALAND,4,,,,,,,,,
c:AUS,Gemeinsame_Armee,army,sr:region_south_germany,,combat_unit_type_trench_infantry,STATE_BOHEMIA;STATE_MORAVIA;STATE_AUSTRIA;STATE_TYROL;STATE_STYRIA;STATE_WEST_SLOVAKIA;STATE_TRANSDANUBIA;STATE_SLOVENIA;STATE_ISTRIA;STATE_CROATIA;STATE_DALMATIA;STATE_BOSNIA;STATE_SLAVONIA;STATE_CENTRAL_HUNGARY;STATE_DELVIDEK;STATE_BANAT;STATE_BEKES;STATE_SOUTHERN_TRANSYLVANIA;STATE_NORTHERN_TRANSYLVANIA;STATE_EAST_SLOVAKIA;STATE_EAST_GALICIA;STATE_WEST_GALICIA,90,combat_unit_type_dragoons,STATE_BOHEMIA;STATE_MORAVIA;STATE_AUSTRIA;STATE_TYROL;STATE_STYRIA;STATE_WEST_SLOVAKIA;STATE_TRANSDANUBIA;STATE_SLOVENIA;STATE_ISTRIA;STATE_CROATIA;STATE_DALMATIA;STATE_BOSNIA;STATE_SLAVONIA;STATE_CENTRAL_HUNGARY;STATE_DELVIDEK;STATE_BANAT;STATE_BEKES;STATE_SOUTHERN_TRANSYLVANIA;STATE_NORTHERN_TRANSYLVANIA;STATE_EAST_SLOVAKIA;STATE_EAST_GALICIA;STATE_WEST_GALICIA,20,combat_unit_type_siege_artillery,STATE_BOHEMIA;STATE_MORAVIA;STATE_AUSTRIA;STATE_TYROL;STATE_STYRIA;STATE_WEST_SLOVAKIA;STATE_TRANSDANUBIA;STATE_SLOVENIA;STATE_ISTRIA;STATE_CROATIA;STATE_DALMATIA;STATE_BOSNIA;STATE_SLAVONIA;STATE_CENTRAL_HUNGARY;STATE_DELVIDEK;STATE_BANAT;STATE_BEKES;STATE_SOUTHERN_TRANSYLVANIA;STATE_NORTHERN_TRANSYLVANIA;STATE_EAST_SLOVAKIA;STATE_EAST_GALICIA;STATE_WEST_GALICIA,50,,,,,,,,,,,,,,,
c:AUS,Osterreichische_Landwehr,army,sr:region_south_germany,,combat_unit_type_trench_infantry,STATE_BOHEMIA;STATE_MORAVIA;STATE_AUSTRIA;STATE_TYROL;STATE_STYRIA,60,combat_unit_type_dragoons,STATE_BOHEMIA;STATE_MORAVIA;STATE_AUSTRIA;STATE_TYROL;STATE_STYRIA,15,combat_unit_type_siege_artillery,STATE_BOHEMIA;STATE_MORAVIA;STATE_AUSTRIA;STATE_TYROL;STATE_STYRIA,45,,,,,,,,,,,,,,,
c:AUS,Ungarisch_Honved,army,sr:region_danubia,,combat_unit_type_trench_infantry,STATE_TRANSDANUBIA;STATE_CENTRAL_HUNGARY;STATE_BANAT;STATE_BEKES;STATE_NORTHERN_TRANSYLVANIA,50,combat_unit_type_dragoons,STATE_TRANSDANUBIA;STATE_CENTRAL_HUNGARY;STATE_BANAT;STATE_BEKES;STATE_NORTHERN_TRANSYLVANIA,10,combat_unit_type_siege_artillery,STATE_TRANSDANUBIA;STATE_CENTRAL_HUNGARY;STATE_BANAT;STATE_BEKES;STATE_NORTHERN_TRANSYLVANIA,20,,,,,,,,,,,,,,,
c:AUS,K.u.K_Kriegsmarine,fleet,sr:region_balkans,,combat_unit_type_dreadnought,STATE_ISTRIA;STATE_CROATIA;STATE_DALMATIA,4,combat_unit_type_scout_cruiser,STATE_ISTRIA;STATE_CROATIA;STATE_DALMATIA,9,combat_unit_type_destroyer,STATE_ISTRIA;STATE_CROATIA;STATE_DALMATIA,42,combat_unit_type_torpedo_boat,STATE_ISTRIA;STATE_CROATIA;STATE_DALMATIA,34,combat_unit_type_submarine,STATE_ISTRIA;STATE_CROATIA;STATE_DALMATIA,6,,,,,,,,,
c:SER,Kopnena_Vojska_Srbije,army,sr:region_balkans,,combat_unit_type_trench_infantry,STATE_NORTHERN_SERBIA;STATE_SOUTHERN_SERBIA;STATE_SKOPIA,150,combat_unit_type_dragoons,STATE_NORTHERN_SERBIA;STATE_SOUTHERN_SERBIA;STATE_SKOPIA,50,combat_unit_type_siege_artillery,STATE_NORTHERN_SERBIA;STATE_SOUTHERN_SERBIA;STATE_SKOPIA,50,,,,,,,,,,,,,,,
c:BUL,1-Va_Armiya,army,sr:region_balkans,,combat_unit_type_trench_infantry,STATE_BULGARIA;STATE_NORTHERN_THRACE;STATE_WESTERN_THRACE;STATE_EASTERN_THRACE;STATE_DOBRUDJA;STATE_SKOPIA,50,combat_unit_type_dragoons,STATE_BULGARIA;STATE_NORTHERN_THRACE;STATE_WESTERN_THRACE;STATE_EASTERN_THRACE;STATE_DOBRUDJA;STATE_SKOPIA,15,combat_unit_type_siege_artillery,STATE_BULGARIA;STATE_NORTHERN_THRACE;STATE_WESTERN_THRACE;STATE_EASTERN_THRACE;STATE_DOBRUDJA;STATE_SKOPIA,35,,,,,,,,,,,,,,,
c:BUL,2-Va_Armiya,army,sr:region_balkans,,combat_unit_type_trench_infantry,STATE_BULGARIA;STATE_NORTHERN_THRACE;STATE_WESTERN_THRACE;STATE_EASTERN_THRACE;STATE_DOBRUDJA;STATE_SKOPIA,50,combat_unit_type_dragoons,STATE_BULGARIA;STATE_NORTHERN_THRACE;STATE_WESTERN_THRACE;STATE_EASTERN_THRACE;STATE_DOBRUDJA;STATE_SKOPIA,5,combat_unit_type_siege_artillery,STATE_BULGARIA;STATE_NORTHERN_THRACE;STATE_WESTERN_THRACE;STATE_EASTERN_THRACE;STATE_DOBRUDJA;STATE_SKOPIA,25,,,,,,,,,,,,,,,
c:BUL,3-Va_Armiya,army,sr:region_balkans,,combat_unit_type_trench_infantry,STATE_BULGARIA;STATE_NORTHERN_THRACE;STATE_WESTERN_THRACE;STATE_EASTERN_THRACE;STATE_DOBRUDJA;STATE_SKOPIA,45,,,,combat_unit_type_siege_artillery,STATE_BULGARIA;STATE_NORTHERN_THRACE;STATE_WESTERN_THRACE;STATE_EASTERN_THRACE;STATE_DOBRUDJA;STATE_SKOPIA,10,,,,,,,,,,,,,,,
c:BUL,4-Va_Armiya,army,sr:region_balkans,,combat_unit_type_skirmish_infantry,STATE_BULGARIA;STATE_NORTHERN_THRACE;STATE_WESTERN_THRACE;STATE_EASTERN_THRACE;STATE_DOBRUDJA;STATE_SKOPIA,65,combat_unit_type_dragoons,STATE_BULGARIA;STATE_NORTHERN_THRACE;STATE_WESTERN_THRACE;STATE_EASTERN_THRACE;STATE_DOBRUDJA;STATE_SKOPIA,10,combat_unit_type_siege_artillery,STATE_BULGARIA;STATE_NORTHERN_THRACE;STATE_WESTERN_THRACE;STATE_EASTERN_THRACE;STATE_DOBRUDJA;STATE_SKOPIA,20,,,,,,,,,,,,,,,
c:BUL,Voennomorski_Sili_Na_Balgariya,fleet,sr:region_balkans,,,,,combat_unit_type_ironclad,STATE_BULGARIA;STATE_NORTHERN_THRACE,1,combat_unit_type_destroyer,STATE_BULGARIA;STATE_NORTHERN_THRACE,3,combat_unit_type_torpedo_boat,STATE_BULGARIA;STATE_NORTHERN_THRACE,2,,,,,,,,,,,,
c:GRE,Ellinikos_Stratos,army,sr:region_balkans,,combat_unit_type_trench_infantry,STATE_CRETE;STATE_PELOPONNESE;STATE_ATTICA;STATE_THESSALIA;STATE_MACEDONIA,100,combat_unit_type_dragoons,STATE_CRETE;STATE_PELOPONNESE;STATE_ATTICA;STATE_THESSALIA;STATE_MACEDONIA,50,combat_unit_type_siege_artillery,STATE_CRETE;STATE_PELOPONNESE;STATE_ATTICA;STATE_THESSALIA;STATE_MACEDONIA,50,,,,,,,,,,,,,,,
c:GRE,Polemiko_Naftiko,fleet,sr:region_balkans,,combat_unit_type_scout_cruiser,STATE_CRETE;STATE_PELOPONNESE;STATE_ATTICA;STATE_THESSALIA;STATE_MACEDONIA,1,combat_unit_type_destroyer,STATE_CRETE;STATE_PELOPONNESE;STATE_ATTICA;STATE_THESSALIA;STATE_MACEDONIA,5,combat_unit_type_torpedo_boat,STATE_CRETE;STATE_PELOPONNESE;STATE_ATTICA;STATE_THESSALIA;STATE_MACEDONIA,4,,,,,,,,,,,,,,,
c:MON,Vojska_Crne_Gore,army,sr:region_balkans,,combat_unit_type_trench_infantry,STATE_MONTENEGRO,40,combat_unit_type_dragoons,STATE_MONTENEGRO,10,combat_unit_type_siege_artillery,STATE_MONTENEGRO,10,,,,,,,,,,,,,,,
c:ALB,Forcat_E_Armatosura_Te_Republikes_Se_Shqiperise,army,sr:region_balkans,,combat_unit_type_trench_infantry,STATE_ALBANIA,10,,,,,,,,,,,,,,,,,,,,,
c:ROM,Fortele_Terestre_Romane,army,sr:region_danubia,,combat_unit_type_trench_infantry,STATE_WALLACHIA;STATE_DOBRUDJA;STATE_MOLDAVIA,200,combat_unit_type_dragoons,STATE_WALLACHIA;STATE_DOBRUDJA;STATE_MOLDAVIA,100,combat_unit_type_siege_artillery,STATE_WALLACHIA;STATE_DOBRUDJA;STATE_MOLDAVIA,150,,,,,,,,,,,,,,,
c:ROM,Fortele_Navale_Romane,fleet,sr:region_danubia,,,,,combat_unit_type_ironclad,STATE_DOBRUDJA,1,combat_unit_type_destroyer,STATE_DOBRUDJA,4,combat_unit_type_torpedo_boat,STATE_DOBRUDJA,3,,,,,,,,,,,,
c:RUS,1-Ya_Armeyskiy_Korpus,army,sr:region_russia,,combat_unit_type_trench_infantry,STATE_INGRIA;STATE_TALINN;STATE_TARTU;STATE_RIGA;STATE_COURLAND;STATE_KAUNAS;STATE_VILNIUS;STATE_MAZOVIA;STATE_GREATER_POLAND;STATE_LESSER_POLAND;STATE_BREST;STATE_VOLHYNIA;STATE_MINSK;STATE_VITEBSK;STATE_PSKOV;STATE_NOVGOROD;STATE_EAST_KARELIA;STATE_TVER;STATE_SMOLENSK;STATE_MOGILEV;STATE_MOSCOW;STATE_YAROSLAVL;STATE_RYAZAN;STATE_ORYOL;STATE_CHERNIHIV;STATE_KIEV;STATE_BESSARABIA;STATE_CHERSON;STATE_KHARKOV;STATE_TAURIDA;STATE_KURSK;STATE_ROSTOV;STATE_KUBAN;STATE_STAVROPOL;STATE_KALMYKIA;STATE_DAGESTAN;STATE_GREATER_CAUCASUS;STATE_AZERBAIJAN;STATE_ARMENIA;STATE_TAMBOV;STATE_NIZHNY_NOVGOROD;STATE_TARTARIA;STATE_ASTRAKHAN;STATE_SAMARA;STATE_OUTER_MANCHURIA,150,combat_unit_type_dragoons,STATE_INGRIA;STATE_TALINN;STATE_TARTU;STATE_RIGA;STATE_COURLAND;STATE_KAUNAS;STATE_VILNIUS;STATE_MAZOVIA;STATE_GREATER_POLAND;STATE_LESSER_POLAND;STATE_BREST;STATE_VOLHYNIA;STATE_MINSK;STATE_VITEBSK;STATE_PSKOV;STATE_NOVGOROD;STATE_EAST_KARELIA;STATE_TVER;STATE_SMOLENSK;STATE_MOGILEV;STATE_MOSCOW;STATE_YAROSLAVL;STATE_RYAZAN;STATE_ORYOL;STATE_CHERNIHIV;STATE_KIEV;STATE_BESSARABIA;STATE_CHERSON;STATE_KHARKOV;STATE_TAURIDA;STATE_KURSK;STATE_ROSTOV;STATE_KUBAN;STATE_STAVROPOL;STATE_KALMYKIA;STATE_DAGESTAN;STATE_GREATER_CAUCASUS;STATE_AZERBAIJAN;STATE_ARMENIA;STATE_TAMBOV;STATE_NIZHNY_NOVGOROD;STATE_TARTARIA;STATE_ASTRAKHAN;STATE_SAMARA,60,combat_unit_type_siege_artillery,STATE_INGRIA;STATE_TALINN;STATE_TARTU;STATE_RIGA;STATE_COURLAND;STATE_KAUNAS;STATE_VILNIUS;STATE_MAZOVIA;STATE_GREATER_POLAND;STATE_LESSER_POLAND;STATE_BREST;STATE_VOLHYNIA;STATE_MINSK;STATE_VITEBSK;STATE_PSKOV;STATE_NOVGOROD;STATE_EAST_KARELIA;STATE_TVER;STATE_SMOLENSK;STATE_MOGILEV;STATE_MOSCOW;STATE_YAROSLAVL;STATE_RYAZAN;STATE_ORYOL;STATE_CHERNIHIV;STATE_KIEV;STATE_BESSARABIA;STATE_CHERSON;STATE_KHARKOV;STATE_TAURIDA;STATE_KURSK;STATE_ROSTOV;STATE_KUBAN;STATE_STAVROPOL;STATE_KALMYKIA;STATE_DAGESTAN;STATE_GREATER_CAUCASUS;STATE_AZERBAIJAN;STATE_ARMENIA;STATE_TAMBOV;STATE_NIZHNY_NOVGOROD;STATE_TARTARIA;STATE_ASTRAKHAN;STATE_SAMARA,60,,,,,,,,,,,,,,,
c:RUS,2-Ya_Armeyskiy_Korpus,army,sr:region_russia,,combat_unit_type_trench_infantry,STATE_INGRIA;STATE_TALINN;STATE_TARTU;STATE_RIGA;STATE_COURLAND;STATE_KAUNAS;STATE_VILNIUS;STATE_MAZOVIA;STATE_GREATER_POLAND;STATE_LESSER_POLAND;STATE_BREST;STATE_VOLHYNIA;STATE_MINSK;STATE_VITEBSK;STATE_PSKOV;STATE_NOVGOROD;STATE_EAST_KARELIA;STATE_TVER;STATE_SMOLENSK;STATE_MOGILEV;STATE_MOSCOW;STATE_YAROSLAVL;STATE_RYAZAN;STATE_ORYOL;STATE_CHERNIHIV;STATE_KIEV;STATE_BESSARABIA;STATE_CHERSON;STATE_KHARKOV;STATE_TAURIDA;STATE_KURSK;STATE_ROSTOV;STATE_KUBAN;STATE_STAVROPOL;STATE_KALMYKIA;STATE_DAGESTAN;STATE_GREATER_CAUCASUS;STATE_AZERBAIJAN;STATE_ARMENIA;STATE_TAMBOV;STATE_NIZHNY_NOVGOROD;STATE_TARTARIA;STATE_ASTRAKHAN;STATE_SAMARA;STATE_OUTER_MANCHURIA,150,combat_unit_type_dragoons,STATE_INGRIA;STATE_TALINN;STATE_TARTU;STATE_RIGA;STATE_COURLAND;STATE_KAUNAS;STATE_VILNIUS;STATE_MAZOVIA;STATE_GREATER_POLAND;STATE_LESSER_POLAND;STATE_BREST;STATE_VOLHYNIA;STATE_MINSK;STATE_VITEBSK;STATE_PSKOV;STATE_NOVGOROD;STATE_EAST_KARELIA;STATE_TVER;STATE_SMOLENSK;STATE_MOGILEV;STATE_MOSCOW;STATE_YAROSLAVL;STATE_RYAZAN;STATE_ORYOL;STATE_CHERNIHIV;STATE_KIEV;STATE_BESSARABIA;STATE_CHERSON;STATE_KHARKOV;STATE_TAURIDA;STATE_KURSK;STATE_ROSTOV;STATE_KUBAN;STATE_STAVROPOL;STATE_KALMYKIA;STATE_DAGESTAN;STATE_GREATER_CAUCASUS;STATE_AZERBAIJAN;STATE_ARMENIA;STATE_TAMBOV;STATE_NIZHNY_NOVGOROD;STATE_TARTARIA;STATE_ASTRAKHAN;STATE_SAMARA,60,combat_unit_type_siege_artillery,STATE_INGRIA;STATE_TALINN;STATE_TARTU;STATE_RIGA;STATE_COURLAND;STATE_KAUNAS;STATE_VILNIUS;STATE_MAZOVIA;STATE_GREATER_POLAND;STATE_LESSER_POLAND;STATE_BREST;STATE_VOLHYNIA;STATE_MINSK;STATE_VITEBSK;STATE_PSKOV;STATE_NOVGOROD;STATE_EAST_KARELIA;STATE_TVER;STATE_SMOLENSK;STATE_MOGILEV;STATE_MOSCOW;STATE_YAROSLAVL;STATE_RYAZAN;STATE_ORYOL;STATE_CHERNIHIV;STATE_KIEV;STATE_BESSARABIA;STATE_CHERSON;STATE_KHARKOV;STATE_TAURIDA;STATE_KURSK;STATE_ROSTOV;STATE_KUBAN;STATE_STAVROPOL;STATE_KALMYKIA;STATE_DAGESTAN;STATE_GREATER_CAUCASUS;STATE_AZERBAIJAN;STATE_ARMENIA;STATE_TAMBOV;STATE_NIZHNY_NOVGOROD;STATE_TARTARIA;STATE_ASTRAKHAN;STATE_SAMARA,40,,,,,,,,,,,,,,,
c:RUS,3-Ya_Armeyskiy_Korpus,army,sr:region_belarus,,combat_unit_type_trench_infantry,STATE_INGRIA;STATE_TALINN;STATE_TARTU;STATE_RIGA;STATE_COURLAND;STATE_KAUNAS;STATE_VILNIUS;STATE_MAZOVIA;STATE_GREATER_POLAND;STATE_LESSER_POLAND;STATE_BREST;STATE_VOLHYNIA;STATE_MINSK;STATE_VITEBSK;STATE_PSKOV;STATE_NOVGOROD;STATE_EAST_KARELIA;STATE_TVER;STATE_SMOLENSK;STATE_MOGILEV;STATE_MOSCOW;STATE_YAROSLAVL;STATE_RYAZAN;STATE_ORYOL;STATE_CHERNIHIV;STATE_KIEV;STATE_BESSARABIA;STATE_CHERSON;STATE_KHARKOV;STATE_TAURIDA;STATE_KURSK;STATE_ROSTOV;STATE_KUBAN;STATE_STAVROPOL;STATE_KALMYKIA;STATE_DAGESTAN;STATE_GREATER_CAUCASUS;STATE_AZERBAIJAN;STATE_ARMENIA;STATE_TAMBOV;STATE_NIZHNY_NOVGOROD;STATE_TARTARIA;STATE_ASTRAKHAN;STATE_SAMARA;STATE_OUTER_MANCHURIA,100,combat_unit_type_dragoons,STATE_INGRIA;STATE_TALINN;STATE_TARTU;STATE_RIGA;STATE_COURLAND;STATE_KAUNAS;STATE_VILNIUS;STATE_MAZOVIA;STATE_GREATER_POLAND;STATE_LESSER_POLAND;STATE_BREST;STATE_VOLHYNIA;STATE_MINSK;STATE_VITEBSK;STATE_PSKOV;STATE_NOVGOROD;STATE_EAST_KARELIA;STATE_TVER;STATE_SMOLENSK;STATE_MOGILEV;STATE_MOSCOW;STATE_YAROSLAVL;STATE_RYAZAN;STATE_ORYOL;STATE_CHERNIHIV;STATE_KIEV;STATE_BESSARABIA;STATE_CHERSON;STATE_KHARKOV;STATE_TAURIDA;STATE_KURSK;STATE_ROSTOV;STATE_KUBAN;STATE_STAVROPOL;STATE_KALMYKIA;STATE_DAGESTAN;STATE_GREATER_CAUCASUS;STATE_AZERBAIJAN;STATE_ARMENIA;STATE_TAMBOV;STATE_NIZHNY_NOVGOROD;STATE_TARTARIA;STATE_ASTRAKHAN;STATE_SAMARA,50,combat_unit_type_shrapnel_artillery,STATE_INGRIA;STATE_TALINN;STATE_TARTU;STATE_RIGA;STATE_COURLAND;STATE_KAUNAS;STATE_VILNIUS;STATE_MAZOVIA;STATE_GREATER_POLAND;STATE_LESSER_POLAND;STATE_BREST;STATE_VOLHYNIA;STATE_MINSK;STATE_VITEBSK;STATE_PSKOV;STATE_NOVGOROD;STATE_EAST_KARELIA;STATE_TVER;STATE_SMOLENSK;STATE_MOGILEV;STATE_MOSCOW;STATE_YAROSLAVL;STATE_RYAZAN;STATE_ORYOL;STATE_CHERNIHIV;STATE_KIEV;STATE_BESSARABIA;STATE_CHERSON;STATE_KHARKOV;STATE_TAURIDA;STATE_KURSK;STATE_ROSTOV;STATE_KUBAN;STATE_STAVROPOL;STATE_KALMYKIA;STATE_DAGESTAN;STATE_GREATER_CAUCASUS;STATE_AZERBAIJAN;STATE_ARMENIA;STATE_TAMBOV;STATE_NIZHNY_NOVGOROD;STATE_TARTARIA;STATE_ASTRAKHAN;STATE_SAMARA,40,,,,,,,,,,,,,,,
c:RUS,4-Ya_Armeyskiy_Korpus,army,sr:region_dnieper,,combat_unit_type_trench_infantry,STATE_INGRIA;STATE_TALINN;STATE_TARTU;STATE_RIGA;STATE_COURLAND;STATE_KAUNAS;STATE_VILNIUS;STATE_MAZOVIA;STATE_GREATER_POLAND;STATE_LESSER_POLAND;STATE_BREST;STATE_VOLHYNIA;STATE_MINSK;STATE_VITEBSK;STATE_PSKOV;STATE_NOVGOROD;STATE_EAST_KARELIA;STATE_TVER;STATE_SMOLENSK;STATE_MOGILEV;STATE_MOSCOW;STATE_YAROSLAVL;STATE_RYAZAN;STATE_ORYOL;STATE_CHERNIHIV;STATE_KIEV;STATE_BESSARABIA;STATE_CHERSON;STATE_KHARKOV;STATE_TAURIDA;STATE_KURSK;STATE_ROSTOV;STATE_KUBAN;STATE_STAVROPOL;STATE_KALMYKIA;STATE_DAGESTAN;STATE_GREATER_CAUCASUS;STATE_AZERBAIJAN;STATE_ARMENIA;STATE_TAMBOV;STATE_NIZHNY_NOVGOROD;STATE_TARTARIA;STATE_ASTRAKHAN;STATE_SAMARA;STATE_OUTER_MANCHURIA,80,combat_unit_type_dragoons,STATE_INGRIA;STATE_TALINN;STATE_TARTU;STATE_RIGA;STATE_COURLAND;STATE_KAUNAS;STATE_VILNIUS;STATE_MAZOVIA;STATE_GREATER_POLAND;STATE_LESSER_POLAND;STATE_BREST;STATE_VOLHYNIA;STATE_MINSK;STATE_VITEBSK;STATE_PSKOV;STATE_NOVGOROD;STATE_EAST_KARELIA;STATE_TVER;STATE_SMOLENSK;STATE_MOGILEV;STATE_MOSCOW;STATE_YAROSLAVL;STATE_RYAZAN;STATE_ORYOL;STATE_CHERNIHIV;STATE_KIEV;STATE_BESSARABIA;STATE_CHERSON;STATE_KHARKOV;STATE_TAURIDA;STATE_KURSK;STATE_ROSTOV;STATE_KUBAN;STATE_STAVROPOL;STATE_KALMYKIA;STATE_DAGESTAN;STATE_GREATER_CAUCASUS;STATE_AZERBAIJAN;STATE_ARMENIA;STATE_TAMBOV;STATE_NIZHNY_NOVGOROD;STATE_TARTARIA;STATE_ASTRAKHAN;STATE_SAMARA,40,combat_unit_type_shrapnel_artillery,STATE_INGRIA;STATE_TALINN;STATE_TARTU;STATE_RIGA;STATE_COURLAND;STATE_KAUNAS;STATE_VILNIUS;STATE_MAZOVIA;STATE_GREATER_POLAND;STATE_LESSER_POLAND;STATE_BREST;STATE_VOLHYNIA;STATE_MINSK;STATE_VITEBSK;STATE_PSKOV;STATE_NOVGOROD;STATE_EAST_KARELIA;STATE_TVER;STATE_SMOLENSK;STATE_MOGILEV;STATE_MOSCOW;STATE_YAROSLAVL;STATE_RYAZAN;STATE_ORYOL;STATE_CHERNIHIV;STATE_KIEV;STATE_BESSARABIA;STATE_CHERSON;STATE_KHARKOV;STATE_TAURIDA;STATE_KURSK;STATE_ROSTOV;STATE_KUBAN;STATE_STAVROPOL;STATE_KALMYKIA;STATE_DAGESTAN;STATE_GREATER_CAUCASUS;STATE_AZERBAIJAN;STATE_ARMENIA;STATE_TAMBOV;STATE_NIZHNY_NOVGOROD;STATE_TARTARIA;STATE_ASTRAKHAN;STATE_SAMARA,30,,,,,,,,,,,,,,,
c:RUS,5-Ya_Armeyskiy_Korpus,army,sr:region_urals,,combat_unit_type_trench_infantry,STATE_INGRIA;STATE_TALINN;STATE_TARTU;STATE_RIGA;STATE_COURLAND;STATE_KAUNAS;STATE_VILNIUS;STATE_MAZOVIA;STATE_GREATER_POLAND;STATE_LESSER_POLAND;STATE_BREST;STATE_VOLHYNIA;STATE_MINSK;STATE_VITEBSK;STATE_PSKOV;STATE_NOVGOROD;STATE_EAST_KARELIA;STATE_TVER;STATE_SMOLENSK;STATE_MOGILEV;STATE_MOSCOW;STATE_YAROSLAVL;STATE_RYAZAN;STATE_ORYOL;STATE_CHERNIHIV;STATE_KIEV;STATE_BESSARABIA;STATE_CHERSON;STATE_KHARKOV;STATE_TAURIDA;STATE_KURSK;STATE_ROSTOV;STATE_KUBAN;STATE_STAVROPOL;STATE_KALMYKIA;STATE_DAGESTAN;STATE_GREATER_CAUCASUS;STATE_AZERBAIJAN;STATE_ARMENIA;STATE_TAMBOV;STATE_NIZHNY_NOVGOROD;STATE_TARTARIA;STATE_ASTRAKHAN;STATE_SAMARA;STATE_OUTER_MANCHURIA,30,combat_unit_type_dragoons,STATE_INGRIA;STATE_TALINN;STATE_TARTU;STATE_RIGA;STATE_COURLAND;STATE_KAUNAS;STATE_VILNIUS;STATE_MAZOVIA;STATE_GREATER_POLAND;STATE_LESSER_POLAND;STATE_BREST;STATE_VOLHYNIA;STATE_MINSK;STATE_VITEBSK;STATE_PSKOV;STATE_NOVGOROD;STATE_EAST_KARELIA;STATE_TVER;STATE_SMOLENSK;STATE_MOGILEV;STATE_MOSCOW;STATE_YAROSLAVL;STATE_RYAZAN;STATE_ORYOL;STATE_CHERNIHIV;STATE_KIEV;STATE_BESSARABIA;STATE_CHERSON;STATE_KHARKOV;STATE_TAURIDA;STATE_KURSK;STATE_ROSTOV;STATE_KUBAN;STATE_STAVROPOL;STATE_KALMYKIA;STATE_DAGESTAN;STATE_GREATER_CAUCASUS;STATE_AZERBAIJAN;STATE_ARMENIA;STATE_TAMBOV;STATE_NIZHNY_NOVGOROD;STATE_TARTARIA;STATE_ASTRAKHAN;STATE_SAMARA,20,combat_unit_type_shrapnel_artillery,STATE_INGRIA;STATE_TALINN;STATE_TARTU;STATE_RIGA;STATE_COURLAND;STATE_KAUNAS;STATE_VILNIUS;STATE_MAZOVIA;STATE_GREATER_POLAND;STATE_LESSER_POLAND;STATE_BREST;STATE_VOLHYNIA;STATE_MINSK;STATE_VITEBSK;STATE_PSKOV;STATE_NOVGOROD;STATE_EAST_KARELIA;STATE_TVER;STATE_SMOLENSK;STATE_MOGILEV;STATE_MOSCOW;STATE_YAROSLAVL;STATE_RYAZAN;STATE_ORYOL;STATE_CHERNIHIV;STATE_KIEV;STATE_BESSARABIA;STATE_CHERSON;STATE_KHARKOV;STATE_TAURIDA;STATE_KURSK;STATE_ROSTOV;STATE_KUBAN;STATE_STAVROPOL;STATE_KALMYKIA;STATE_DAGESTAN;STATE_GREATER_CAUCASUS;STATE_AZERBAIJAN;STATE_ARMENIA;STATE_TAMBOV;STATE_NIZHNY_NOVGOROD;STATE_TARTARIA;STATE_ASTRAKHAN;STATE_SAMARA,5,,,,,,,,,,,,,,,
c:RUS,1-Ya_Kavaleriiskaya_Diviziya,army,sr:region_urals,,combat_unit_type_trench_infantry,STATE_GREATER_CAUCASUS;STATE_AZERBAIJAN;STATE_ARMENIA;STATE_TAMBOV,30,combat_unit_type_lancers,STATE_GREATER_CAUCASUS;STATE_AZERBAIJAN;STATE_ARMENIA;STATE_TAMBOV,25,combat_unit_type_shrapnel_artillery,STATE_GREATER_CAUCASUS;STATE_AZERBAIJAN;STATE_ARMENIA;STATE_TAMBOV,5,,,,,,,,,,,,,,,
c:RUS,2-Ya_Kavaleriiskaya_Diviziya,army,sr:region_caucasus,,combat_unit_type_trench_infantry,STATE_KURSK;STATE_ROSTOV,30,combat_unit_type_lancers,STATE_KURSK;STATE_ROSTOV,25,combat_unit_type_shrapnel_artillery,STATE_KURSK;STATE_ROSTOV,5,,,,,,,,,,,,,,,
c:RUS,Leyb_Gvardiya,army,sr:region_russia,,combat_unit_type_trench_infantry,STATE_INGRIA,15,combat_unit_type_dragoons,STATE_INGRIA,10,combat_unit_type_siege_artillery,STATE_INGRIA,5,,,,,,,,,,,,,,,
c:RUS,Baltiyskiy_Flot,fleet,sr:region_russia,,combat_unit_type_dreadnought,STATE_INGRIA;STATE_TALINN;STATE_TARTU;STATE_RIGA,8,combat_unit_type_scout_cruiser,STATE_INGRIA;STATE_TALINN;STATE_TARTU;STATE_RIGA;STATE_COURLAND;STATE_KAUNAS,12,combat_unit_type_destroyer,STATE_INGRIA;STATE_TALINN;STATE_TARTU;STATE_RIGA;STATE_COURLAND;STATE_KAUNAS,82,combat_unit_type_torpedo_boat,STATE_INGRIA;STATE_TALINN;STATE_TARTU;STATE_RIGA;STATE_COURLAND;STATE_KAUNAS,38,combat_unit_type_submarine,STATE_INGRIA;STATE_TALINN;STATE_TARTU;STATE_RIGA;STATE_COURLAND;STATE_KAUNAS,29,,,,,,,,,
c:RUS,Chernomorskiy_Flot,fleet,sr:region_dnieper,,combat_unit_type_dreadnought,STATE_BESSARABIA;STATE_CHERSON;STATE_CRIMEA;STATE_TAURIDA;STATE_ROSTOV;STATE_KUBAN,6,combat_unit_type_scout_cruiser,STATE_CHERSON;STATE_CRIMEA,2,combat_unit_type_destroyer,STATE_BESSARABIA;STATE_CHERSON;STATE_CRIMEA;STATE_TAURIDA;STATE_ROSTOV;STATE_KUBAN,25,combat_unit_type_torpedo_boat,STATE_BESSARABIA;STATE_CHERSON;STATE_CRIMEA;STATE_TAURIDA;STATE_ROSTOV;STATE_KUBAN,16,combat_unit_type_submarine,STATE_BESSARABIA;STATE_CHERSON;STATE_CRIMEA;STATE_TAURIDA;STATE_ROSTOV;STATE_KUBAN,16,,,,,,,,,
c:RUS,Tikhookeansky_Flot,fleet,sr:region_manchuria,,,,,combat_unit_type_scout_cruiser,STATE_OUTER_MANCHURIA,1,combat_unit_type_destroyer,STATE_OUTER_MANCHURIA,4,combat_unit_type_torpedo_boat,STATE_OUTER_MANCHURIA,2,,,,,,,,,,,,
c:FIN,Viimeistely_Miliisi,army,sr:region_finland,,combat_unit_type_trench_infantry,STATE_UUSIMAA;STATE_WEST_KARELIA,5,,,,,,,,,,,,,,,,,,,,,
c:TUR,Birinci_Ordu,army,sr:region_anatolia,,combat_unit_type_trench_infantry,STATE_HUDAVENDIGAR;STATE_AYDIN;STATE_KONYA;STATE_KASTAMONU;STATE_ANKARA;STATE_TRABZON;STATE_ADANA;STATE_ERZURUM,50,combat_unit_type_dragoons,STATE_HUDAVENDIGAR;STATE_AYDIN;STATE_KONYA;STATE_KASTAMONU;STATE_ANKARA;STATE_TRABZON;STATE_ADANA;STATE_ERZURUM,40,combat_unit_type_siege_artillery,STATE_HUDAVENDIGAR;STATE_AYDIN;STATE_KONYA;STATE_KASTAMONU;STATE_ANKARA;STATE_TRABZON;STATE_ADANA;STATE_ERZURUM,25,combat_unit_type_skirmish_infantry,STATE_HUDAVENDIGAR;STATE_AYDIN;STATE_KONYA;STATE_KASTAMONU;STATE_ANKARA;STATE_TRABZON;STATE_ADANA;STATE_ERZURUM,50,combat_unit_type_shrapnel_artillery,STATE_HUDAVENDIGAR;STATE_AYDIN;STATE_KONYA;STATE_KASTAMONU;STATE_ANKARA;STATE_TRABZON;STATE_ADANA;STATE_ERZURUM,25,,,,,,,,,
c:TUR,Ikinci_Ordu,army,sr:region_arabic,,combat_unit_type_skirmish_infantry,STATE_ALEPPO;STATE_SYRIA;STATE_LEBANON;STATE_PALESTINE;STATE_TRANSJORDAN;STATE_HEDJAZ;STATE_YEMEN;STATE_BAGHDAD;STATE_BASRA,50,combat_unit_type_dragoons,STATE_ALEPPO;STATE_SYRIA;STATE_LEBANON;STATE_PALESTINE;STATE_TRANSJORDAN;STATE_HEDJAZ;STATE_YEMEN;STATE_BAGHDAD;STATE_BASRA,20,combat_unit_type_shrapnel_artillery,STATE_ALEPPO;STATE_SYRIA;STATE_LEBANON;STATE_PALESTINE;STATE_TRANSJORDAN;STATE_HEDJAZ;STATE_YEMEN;STATE_BAGHDAD;STATE_BASRA,20,,,,,,,,,,,,,,,
c:TUR,Ucuncu_Ordu,army,sr:region_anatolia,,combat_unit_type_skirmish_infantry,STATE_HUDAVENDIGAR;STATE_AYDIN;STATE_KONYA;STATE_KASTAMONU;STATE_ANKARA;STATE_TRABZON;STATE_ADANA;STATE_ERZURUM,25,combat_unit_type_dragoons,STATE_HUDAVENDIGAR;STATE_AYDIN;STATE_KONYA;STATE_KASTAMONU;STATE_ANKARA;STATE_TRABZON;STATE_ADANA;STATE_ERZURUM,15,combat_unit_type_shrapnel_artillery,STATE_HUDAVENDIGAR;STATE_AYDIN;STATE_KONYA;STATE_KASTAMONU;STATE_ANKARA;STATE_TRABZON;STATE_ADANA;STATE_ERZURUM,5,,,,,,,,,,,,,,,
c:TUR,Dort_Ordu,army,sr:region_arabic,,combat_unit_type_skirmish_infantry,STATE_ALEPPO;STATE_SYRIA;STATE_LEBANON;STATE_PALESTINE;STATE_TRANSJORDAN;STATE_HEDJAZ;STATE_YEMEN;STATE_BAGHDAD;STATE_BASRA,25,combat_unit_type_dragoons,STATE_ALEPPO;STATE_SYRIA;STATE_LEBANON;STATE_PALESTINE;STATE_TRANSJORDAN;STATE_HEDJAZ;STATE_YEMEN;STATE_BAGHDAD;STATE_BASRA,20,combat_unit_type_shrapnel_artillery,STATE_ALEPPO;STATE_SYRIA;STATE_LEBANON;STATE_PALESTINE;STATE_TRANSJORDAN;STATE_HEDJAZ;STATE_YEMEN;STATE_BAGHDAD;STATE_BASRA,5,,,,,,,,,,,,,,,
c:TUR,Donanma-Yi_Humayun,fleet,sr:region_anatolia,,combat_unit_type_dreadnought,STATE_HUDAVENDIGAR;STATE_AYDIN;STATE_KONYA;STATE_KASTAMONU;STATE_TRABZON;STATE_ADANA,5,combat_unit_type_scout_cruiser,STATE_HUDAVENDIGAR;STATE_AYDIN;STATE_KONYA;STATE_KASTAMONU;STATE_TRABZON;STATE_ADANA,6,combat_unit_type_destroyer,STATE_HUDAVENDIGAR;STATE_AYDIN;STATE_KONYA;STATE_KASTAMONU;STATE_TRABZON;STATE_ADANA,8,combat_unit_type_torpedo_boat,STATE_HUDAVENDIGAR;STATE_AYDIN;STATE_KONYA;STATE_KASTAMONU;STATE_TRABZON;STATE_ADANA,4,,,,,,,,,,,,
c:EGY,El_Geish_El_Masry,army,sr:region_nile_basin,,combat_unit_type_trench_infantry,STATE_LOWER_EGYPT;STATE_MIDDLE_EGYPT;STATE_UPPER_EGYPT,10,combat_unit_type_dragoons,STATE_LOWER_EGYPT;STATE_MIDDLE_EGYPT;STATE_UPPER_EGYPT,4,combat_unit_type_shrapnel_artillery,STATE_LOWER_EGYPT;STATE_MIDDLE_EGYPT;STATE_UPPER_EGYPT,3,,,,,,,,,,,,,,,
c:EGY,Al-Quwwat_Al-Bahareya_Al-Masriyya,fleet,sr:region_nile_basin,,,,,,,,combat_unit_type_destroyer,STATE_LOWER_EGYPT,5,combat_unit_type_torpedo_boat,STATE_LOWER_EGYPT,3,,,,,,,,,,,,
c:SUD,Khartoum_Garrison,army,sr:region_nile_basin,,combat_unit_type_trench_infantry,STATE_BLUE_NILE,5,,,,,,,,,,,,,,,,,,,,,
c:ERT,Guarnigione_Di_Massawa,army,sr:region_ethiopia,,combat_unit_type_trench_infantry,STATE_ERITREA,1,,,,,,,,,,,,,,,,,,,,,
c:DJB,Garnison_De_Djibouti,army,sr:region_ethiopia,,combat_unit_type_trench_infantry,STATE_ERITREA,1,,,,,,,,,,,,,,,,,,,,,
c:SLD,Berbera_Garrison,army,sr:region_ethiopia,,combat_unit_type_trench_infantry,STATE_SOMALILAND,1,,,,,,,,,,,,,,,,,,,,,
c:SMA,Guarnigione_Di_Muqdisho,army,sr:region_ethiopia,,combat_unit_type_trench_infantry,STATE_SOMALILAND,1,,,,,,,,,,,,,,,,,,,,,
c:ETH,Ye-Ifederi_Mekelakeya_Serawit,army,sr:region_ethiopia,,combat_unit_type_skirmish_infantry,STATE_GONDER;STATE_OROMIA;STATE_AMHARA,5,combat_unit_type_irregular_infantry,STATE_GONDER;STATE_OROMIA;STATE_AMHARA,30,combat_unit_type_lancers,STATE_GONDER;STATE_OROMIA;STATE_AMHARA,30,combat_unit_type_mobile_artillery,STATE_GONDER;STATE_OROMIA;STATE_AMHARA,5,,,,,,,,,,,,
c:BUG,Mbarara_Garrison,army,sr:region_zanj,,combat_unit_type_irregular_infantry,STATE_UGANDA,1,,,,,,,,,,,,,,,,,,,,,
c:KEN,Embu_Garrison,army,sr:region_zanj,,combat_unit_type_trench_infantry,STATE_KENYA,15,,,,,,,,,,,,,,,,,,,,,
c:TAN,Tanga_Garnison,army,sr:region_zanj,,combat_unit_type_trench_infantry,STATE_ZANZIBAR,3,,,,,,,,,,,,,,,,,,,,,
c:ZAM,Lusaka_Garrison,army,sr:region_congo,,combat_unit_type_trench_infantry,STATE_ZAMBIA,5,,,,,,,,,,,,,,,,,,,,,
c:MOZ,Guarnicao_De_Mapai,army,sr:region_southern_africa,,combat_unit_type_trench_infantry,STATE_LOURENCO_MARQUES,5,,,,,,,,,,,,,,,,,,,,,
c:RHO,Harare_Garrison,army,sr:region_southern_africa,,combat_unit_type_trench_infantry,STATE_ZAMBEZI,1,,,,,,,,,,,,,,,,,,,,,
c:TSW,Tlokweng_Garrison,army,sr:region_southern_africa,,combat_unit_type_irregular_infantry,STATE_BOTSWANA,1,,,,,,,,,,,,,,,,,,,,,
c:MAD,Garnison_De_Tananarive,army,sr:region_zanj,,combat_unit_type_trench_infantry,STATE_NORTH_MADAGASCAR;STATE_SOUTH_MADAGASCAR,10,,,,,,,,,,,,,,,,,,,,,
c:SAF,South_African_Army,army,sr:region_southern_africa,,combat_unit_type_trench_infantry,STATE_CAPE_COLONY;STATE_NORTHERN_CAPE;STATE_EASTERN_CAPE;STATE_VRYSTAAT;STATE_ZULULAND,15,combat_unit_type_dragoons,STATE_CAPE_COLONY;STATE_NORTHERN_CAPE;STATE_EASTERN_CAPE;STATE_VRYSTAAT;STATE_ZULULAND,5,combat_unit_type_shrapnel_artillery,STATE_CAPE_COLONY;STATE_NORTHERN_CAPE;STATE_EASTERN_CAPE;STATE_VRYSTAAT;STATE_ZULULAND,5,,,,,,,,,,,,,,,
c:NAM,Rehoboth_Garnison,army,sr:region_southern_africa,,combat_unit_type_trench_infantry,STATE_NAMAQUALAND,2,,,,,,,,,,,,,,,,,,,,,
c:ANG,Guarniçao_De_Ambriz,army,sr:region_congo,,combat_unit_type_trench_infantry,STATE_NORTH_ANGOLA,5,,,,,,,,,,,,,,,,,,,,,
c:KON,Force_Publique,army,sr:region_congo,,combat_unit_type_trench_infantry,STATE_BAS_CONGO;STATE_KASAI;STATE_EQUATEUR,13,combat_unit_type_dragoons,STATE_BAS_CONGO;STATE_KASAI;STATE_EQUATEUR,1,combat_unit_type_shrapnel_artillery,STATE_BAS_CONGO;STATE_KASAI;STATE_EQUATEUR,3,,,,,,,,,,,,,,,
c:EQA,2eme_Armee_Coloniale,army,sr:region_congo,,combat_unit_type_trench_infantry,STATE_GABON;STATE_CONGO,10,,,,,,,,,,,,,,,,,,,,,
c:CMR,Yeonde_Garnison,army,sr:region_congo,,combat_unit_type_trench_infantry,STATE_GABON;STATE_SOUTH_CAMEROON;STATE_NORTH_CAMEROON,2,,,,,,,,,,,,,,,,,,,,,
c:NGA,Nigerian_Army,army,sr:region_niger,,combat_unit_type_trench_infantry,STATE_YORUBA_STATES;STATE_BENIN;STATE_NIGER_DELTA;STATE_NIGERIA;STATE_EAST_HAUSALAND;STATE_HAUSALAND,8,,,,,,,,,,,,,,,,,,,,,
c:TOG,Sokode_Garnison,army,sr:region_niger,,combat_unit_type_trench_infantry,STATE_TOGO,1,,,,,,,,,,,,,,,,,,,,,
c:GHA,Kumasi_Garrison,army,sr:region_senegal,,combat_unit_type_trench_infantry,STATE_GHANA,4,,,,,,,,,,,,,,,,,,,,,
c:LIB,Liberian_Frontier_Force,army,sr:region_senegal,,combat_unit_type_trench_infantry,STATE_LIBERIA,5,,,,,,,,,,,,,,,,,,,,,
c:SIL,Kenema_Garrison,army,sr:region_senegal,,combat_unit_type_trench_infantry,STATE_SIERRA_LEONE,2,,,,,,,,,,,,,,,,,,,,,
c:WAF,1ere_Armee_Coloniale,army,sr:region_senegal,,combat_unit_type_trench_infantry,STATE_SENEGAL;STATE_GAMBIA;STATE_GUINEA;STATE_WESTERN_MALI;STATE_EASTERN_MALI;STATE_WINDWARD_COAST;STATE_IVORY_COAST;STATE_VOLTA;STATE_DAHOMEY,15,,,,,,,,,,,,,,,,,,,,,
c:WAF,Tirailleurs_Senegalais,army,sr:region_senegal,,combat_unit_type_trench_infantry,STATE_SENEGAL,5,,,,,,,,,,,,,,,,,,,,,
c:MOR,Jumirz_Jaysh,army,sr:region_north_africa,,combat_unit_type_trench_infantry,STATE_FEZ;STATE_MARRAKECH,5,,,,,,,,,,,,,,,,,,,,,
c:TUN,Altiyraylur_Altuwnisiu,army,sr:region_north_africa,,combat_unit_type_trench_infantry,STATE_TUNISIA,5,,,,,,,,,,,,,,,,,,,,,
c:TRI,Guarnigione_Di_Tripoli,army,sr:region_north_africa,,combat_unit_type_trench_infantry,STATE_TRIPOLI,1,,,,,,,,,,,,,,,,,,,,,
c:JAB,Jab_Alshamr_Jaysh,army,sr:region_arabic,,combat_unit_type_irregular_infantry,STATE_HAIL,1,,,,,,,,,,,,,,,,,,,,,
c:NEJ,Nej_Jaysh,army,sr:region_arabic,,combat_unit_type_irregular_infantry,STATE_NEJD,1,,,,,,,,,,,,,,,,,,,,,
c:YEM,Yemen_Jaysh,army,sr:region_arabic,,combat_unit_type_skirmish_infantry,STATE_YEMEN,1,,,,,,,,,,,,,,,,,,,,,
c:OMA,Oman_Jaysh,army,sr:region_arabic,,combat_unit_type_skirmish_infantry,STATE_OMAN,1,,,,,,,,,,,,,,,,,,,,,
c:ABU,Abu_Zaby_Jaysh,army,sr:region_arabic,,combat_unit_type_skirmish_infantry,STATE_ABU_DHABI,1,,,,,,,,,,,,,,,,,,,,,
c:PER,Berigad-E_Qazzaq,army,sr:region_persia,,combat_unit_type_skirmish_infantry,STATE_IRAKAJEMI;STATE_TABRIZ;STATE_PERSIAN_KURDISTAN;STATE_LURISTAN;STATE_KHUZESTAN;STATE_ISFAHAN;STATE_FARS;STATE_SEMNAN;STATE_LARISTAN,6,combat_unit_type_lancers,STATE_IRAKAJEMI;STATE_TABRIZ;STATE_PERSIAN_KURDISTAN;STATE_LURISTAN;STATE_KHUZESTAN;STATE_ISFAHAN;STATE_FARS;STATE_SEMNAN;STATE_LARISTAN,5,combat_unit_type_shrapnel_artillery,STATE_IRAKAJEMI;STATE_TABRIZ;STATE_PERSIAN_KURDISTAN;STATE_LURISTAN;STATE_KHUZESTAN;STATE_ISFAHAN;STATE_FARS;STATE_SEMNAN;STATE_LARISTAN,1,,,,,,,,,,,,,,,
c:PER,Andarmiri-Vous_Daulati,army,sr:region_persia,,combat_unit_type_skirmish_infantry,STATE_IRAKAJEMI;STATE_TABRIZ;STATE_PERSIAN_KURDISTAN;STATE_LURISTAN;STATE_KHUZESTAN;STATE_ISFAHAN;STATE_FARS;STATE_SEMNAN;STATE_LARISTAN,6,,,,,,,,,,,,,,,,,,,,,
c:PER,Nirohaye_Ghabileh_Ee,army,sr:region_persia,,combat_unit_type_irregular_infantry,STATE_IRAKAJEMI;STATE_TABRIZ;STATE_PERSIAN_KURDISTAN;STATE_LURISTAN;STATE_KHUZESTAN;STATE_ISFAHAN;STATE_FARS;STATE_SEMNAN;STATE_LARISTAN,60,combat_unit_type_lancers,STATE_IRAKAJEMI;STATE_TABRIZ;STATE_PERSIAN_KURDISTAN;STATE_LURISTAN;STATE_KHUZESTAN;STATE_ISFAHAN;STATE_FARS;STATE_SEMNAN;STATE_LARISTAN,50,,,,,,,,,,,,,,,,,,
c:PER,Niroi_Daryaayi_Faars,fleet,sr:region_persia,,combat_unit_type_man_o_war,STATE_KHUZESTAN;STATE_FARS;STATE_LARISTAN,2,combat_unit_type_frigate,STATE_KHUZESTAN;STATE_FARS;STATE_LARISTAN,5,,,,,,,,,,,,,,,,,,
c:AFG,Artisi_Muqarrari,army,sr:region_persia,,combat_unit_type_irregular_infantry,STATE_HERAT;STATE_CENTRAL_HIGHLANDS;STATE_KANDAHAR;STATE_KABUL,20,combat_unit_type_lancers,STATE_HERAT;STATE_CENTRAL_HIGHLANDS;STATE_KANDAHAR;STATE_KABUL,15,combat_unit_type_skirmish_infantry,STATE_HERAT;STATE_CENTRAL_HIGHLANDS;STATE_KANDAHAR;STATE_KABUL,5,,,,,,,,,,,,,,,
c:AFG,Pardoxthoi_Qabilavi,army,sr:region_persia,,combat_unit_type_irregular_infantry,STATE_HERAT;STATE_CENTRAL_HIGHLANDS;STATE_KANDAHAR;STATE_KABUL,20,combat_unit_type_lancers,STATE_HERAT;STATE_CENTRAL_HIGHLANDS;STATE_KANDAHAR;STATE_KABUL,10,,,,,,,,,,,,,,,,,,
c:AFG,Gvardijai_Saxsii_Amir,army,sr:region_persia,,combat_unit_type_irregular_infantry,STATE_HERAT;STATE_CENTRAL_HIGHLANDS;STATE_KANDAHAR;STATE_KABUL,10,,,,,,,,,,,,,,,,,,,,,
c:BIC,Bengal_Army,army,sr:region_bengal,,combat_unit_type_trench_infantry,STATE_WEST_BENGAL;STATE_EAST_BENGAL;STATE_ASSAM,20,combat_unit_type_skirmish_infantry,STATE_WEST_BENGAL;STATE_EAST_BENGAL;STATE_ASSAM,10,combat_unit_type_dragoons,STATE_WEST_BENGAL;STATE_EAST_BENGAL;STATE_ASSAM,5,combat_unit_type_shrapnel_artillery,STATE_WEST_BENGAL;STATE_EAST_BENGAL;STATE_ASSAM,15,,,,,,,,,,,,
c:BIC,Madras_Army,army,sr:region_madras,,combat_unit_type_trench_infantry,STATE_MADRAS;STATE_MYSORE;STATE_TRAVANCORE,10,combat_unit_type_skirmish_infantry,STATE_MADRAS;STATE_MYSORE;STATE_TRAVANCORE,20,combat_unit_type_dragoons,STATE_MADRAS;STATE_MYSORE;STATE_TRAVANCORE,10,combat_unit_type_shrapnel_artillery,STATE_MADRAS;STATE_MYSORE;STATE_TRAVANCORE,10,,,,,,,,,,,,
c:BIC,Bombay_Army,army,sr:region_bombay,,combat_unit_type_trench_infantry,STATE_BOMBAY;STATE_HYDERABAD,10,combat_unit_type_skirmish_infantry,STATE_BOMBAY;STATE_HYDERABAD,20,combat_unit_type_dragoons,STATE_BOMBAY;STATE_HYDERABAD,20,combat_unit_type_shrapnel_artillery,STATE_BOMBAY;STATE_HYDERABAD,10,,,,,,,,,,,,
c:BIC,Punjab_Army,army,sr:region_punjab,,combat_unit_type_trench_infantry,STATE_QUETTA;STATE_PASHTUNISTAN;STATE_PUNJAB,5,combat_unit_type_skirmish_infantry,STATE_QUETTA;STATE_PASHTUNISTAN;STATE_PUNJAB,10,combat_unit_type_dragoons,STATE_QUETTA;STATE_PASHTUNISTAN;STATE_PUNJAB,10,combat_unit_type_shrapnel_artillery,STATE_QUETTA;STATE_PASHTUNISTAN;STATE_PUNJAB,5,,,,,,,,,,,,
c:BIC,Gurkha_Army,army,sr:region_himalayas,,,,,combat_unit_type_skirmish_infantry,STATE_EASTERN_HIMALAYAS;STATE_LHASA,15,,,,combat_unit_type_shrapnel_artillery,STATE_EASTERN_HIMALAYAS;STATE_LHASA,5,,,,,,,,,,,,
c:BIC,Indian_Army,army,sr:region_central_india,,combat_unit_type_trench_infantry,STATE_WEST_BENGAL;STATE_EAST_BENGAL;STATE_ASSAM;STATE_BIHAR;STATE_AWADH;STATE_DELHI;STATE_RAJPUTANA;STATE_CENTRAL_PROVINCES;STATE_BOMBAY;STATE_HYDERABAD;STATE_MADRAS;STATE_MYSORE;STATE_TRAVANCORE,30,combat_unit_type_dragoons,STATE_WEST_BENGAL;STATE_EAST_BENGAL;STATE_ASSAM;STATE_BIHAR;STATE_AWADH;STATE_DELHI;STATE_RAJPUTANA;STATE_CENTRAL_PROVINCES;STATE_BOMBAY;STATE_HYDERABAD;STATE_MADRAS;STATE_MYSORE;STATE_TRAVANCORE,30,combat_unit_type_siege_artillery,STATE_WEST_BENGAL;STATE_EAST_BENGAL;STATE_ASSAM;STATE_BIHAR;STATE_AWADH,5,combat_unit_type_skirmish_infantry,STATE_WEST_BENGAL;STATE_EAST_BENGAL;STATE_ASSAM;STATE_BIHAR;STATE_AWADH;STATE_DELHI;STATE_RAJPUTANA;STATE_CENTRAL_PROVINCES;STATE_BOMBAY;STATE_HYDERABAD;STATE_MADRAS;STATE_MYSORE;STATE_TRAVANCORE,80,,,,,,,,,,,,
c:BIC,Royal_Indian_Marine,fleet,sr:region_bombay,,combat_unit_type_destroyer,STATE_BOMBAY,5,combat_unit_type_torpedo_boat,STATE_BOMBAY,3,,,,,,,,,,,,,,,,,,
c:SIA,Kong_Thap_Bok_Thai,army,sr:region_indochina,,combat_unit_type_skirmish_infantry,STATE_BANGKOK;STATE_NAKHON_RATCHASIMA;STATE_TENASSERIM;STATE_CHIANG_MAI,22,combat_unit_type_dragoons,STATE_BANGKOK;STATE_NAKHON_RATCHASIMA;STATE_TENASSERIM;STATE_CHIANG_MAI,1,combat_unit_type_shrapnel_artillery,STATE_BANGKOK;STATE_NAKHON_RATCHASIMA;STATE_TENASSERIM;STATE_CHIANG_MAI,2,,,,,,,,,,,,,,,
c:SIA,Kong_Thap_Ruea_Thai,fleet,sr:region_indochina,,combat_unit_type_destroyer,STATE_BANGKOK,5,combat_unit_type_torpedo_boat,STATE_BANGKOK,3,,,,,,,,,,,,,,,,,,
c:ICH,3eme_Armee_Coloniale,army,sr:region_indochina,,combat_unit_type_trench_infantry,STATE_MEKONG;STATE_CAMBODIA;STATE_ANNAM;STATE_TONKIN;STATE_LAOS,10,,,,,,,,,,,,,,,,,,,,,
c:ICH,Tirailleurs_Indochinois,fleet,sr:region_indochina,,combat_unit_type_trench_infantry,STATE_MEKONG;STATE_CAMBODIA;STATE_ANNAM;STATE_TONKIN;STATE_LAOS,5,,,,,,,,,,,,,,,,,,,,,
c:MLA,Kelang_Garrison,army,sr:region_indochina,,combat_unit_type_skirmish_infantry,STATE_MALAYA,1,,,,,,,,,,,,,,,,,,,,,
c:ROS,Maling_Garrison,army,sr:region_indonesia,,combat_unit_type_skirmish_infantry,STATE_NORTH_BORNEO,1,,,,,,,,,,,,,,,,,,,,,
c:NBO,Sabah_Garrison,army,sr:region_indonesia,,combat_unit_type_skirmish_infantry,STATE_NORTH_BORNEO,1,,,,,,,,,,,,,,,,,,,,,
c:PHI,Luzon_Garrison,army,sr:region_indonesia,,combat_unit_type_trench_infantry,STATE_LUZON,10,,,,,,,,,,,,,,,,,,,,,
c:DEI,Koninklijk_Nederlandsch-Indisch_Leger,army,sr:region_indonesia,,combat_unit_type_trench_infantry,STATE_WEST_JAVA;STATE_CENTRAL_JAVA;STATE_EAST_JAVA;STATE_SUNDA_ISLANDS,30,combat_unit_type_dragoons,STATE_WEST_JAVA;STATE_CENTRAL_JAVA;STATE_EAST_JAVA;STATE_SUNDA_ISLANDS,3,combat_unit_type_shrapnel_artillery,STATE_WEST_JAVA;STATE_CENTRAL_JAVA;STATE_EAST_JAVA;STATE_SUNDA_ISLANDS,4,,,,,,,,,,,,,,,
c:NGG,Lae_Garnison,army,sr:region_indonesia,,combat_unit_type_trench_infantry,STATE_EASTERN_NEW_GUINEA,1,,,,,,,,,,,,,,,,,,,,,
c:AST,Australian_Army,army,sr:region_oceania,,combat_unit_type_trench_infantry,STATE_NEW_SOUTH_WALES;STATE_VICTORIA;STATE_QUEENSLAND,30,combat_unit_type_dragoons,STATE_NEW_SOUTH_WALES;STATE_VICTORIA;STATE_QUEENSLAND;STATE_TASMANIA,5,combat_unit_type_siege_artillery,STATE_NEW_SOUTH_WALES;STATE_VICTORIA;STATE_QUEENSLAND;STATE_TASMANIA,10,,,,,,,,,,,,,,,
c:AST,Royal_Australian_Navy,fleet,sr:region_oceania,,combat_unit_type_dreadnought,STATE_NEW_SOUTH_WALES;STATE_VICTORIA;STATE_QUEENSLAND,1,combat_unit_type_scout_cruiser,STATE_NEW_SOUTH_WALES;STATE_VICTORIA;STATE_QUEENSLAND,2,combat_unit_type_destroyer,STATE_NEW_SOUTH_WALES;STATE_VICTORIA;STATE_QUEENSLAND,12,combat_unit_type_torpedo_boat,STATE_NEW_SOUTH_WALES;STATE_VICTORIA;STATE_QUEENSLAND,4,combat_unit_type_submarine,STATE_NEW_SOUTH_WALES;STATE_VICTORIA;STATE_QUEENSLAND,2,,,,,,,,,
c:NZL,New_Zealand_Territorial_Force,army,sr:region_oceania,,combat_unit_type_trench_infantry,STATE_NORTH_ISLAND;STATE_SOUTH_ISLAND,20,combat_unit_type_dragoons,STATE_NORTH_ISLAND;STATE_SOUTH_ISLAND,5,combat_unit_type_siege_artillery,STATE_NORTH_ISLAND;STATE_SOUTH_ISLAND,5,,,,,,,,,,,,,,,
c:FPL,Garnison_De_Koumac,army,sr:region_oceania,,combat_unit_type_trench_infantry,STATE_KANAK;STATE_TAHITI,5,,,,,,,,,,,,,,,,,,,,,
c:TIB,Mak_Pung_Bo,army,sr:region_himalayas,,combat_unit_type_irregular_infantry,STATE_NGARI;STATE_LHASA,20,,,,,,,,,,,,,,,,,,,,,
c:MGL,Ovgiin_Khuchnuud,army,sr:region_north_china,,combat_unit_type_irregular_infantry,STATE_URGA;STATE_ULIASTAI,15,combat_unit_type_lancers,STATE_URGA;STATE_ULIASTAI,15,,,,,,,,,,,,,,,,,,
c:CHI,Beiyang_Jun,army,sr:region_north_china,,combat_unit_type_skirmish_infantry,STATE_SHENGJING;STATE_BEIJING;STATE_ZHILI;STATE_SHANDONG;STATE_SHANXI;STATE_HENAN;STATE_NORTHERN_ANHUI,250,combat_unit_type_dragoons,STATE_SHENGJING;STATE_BEIJING;STATE_ZHILI;STATE_SHANDONG;STATE_SHANXI;STATE_HENAN;STATE_NORTHERN_ANHUI,25,combat_unit_type_shrapnel_artillery,STATE_SHENGJING;STATE_BEIJING;STATE_ZHILI;STATE_SHANDONG;STATE_SHANXI;STATE_HENAN;STATE_NORTHERN_ANHUI,25,,,,,,,,,,,,,,,
c:CHI,Luyingbing,army,sr:region_south_china,,combat_unit_type_line_infantry,STATE_BEIJING;STATE_ZHILI;STATE_SHANDONG;STATE_JIANGSU;STATE_JIANGXI;STATE_SUZHOU;STATE_CHONGQING;STATE_HUNAN;STATE_SHAOZHOU;STATE_GUANGDONG,150,combat_unit_type_dragoons,STATE_BEIJING;STATE_ZHILI;STATE_SHANDONG;STATE_JIANGSU;STATE_JIANGXI;STATE_SUZHOU;STATE_CHONGQING;STATE_HUNAN;STATE_SHAOZHOU;STATE_GUANGDONG,20,combat_unit_type_mobile_artillery,STATE_BEIJING;STATE_ZHILI;STATE_SHANDONG;STATE_JIANGSU;STATE_JIANGXI;STATE_SUZHOU;STATE_CHONGQING;STATE_HUNAN;STATE_SHAOZHOU;STATE_GUANGDONG,10,,,,,,,,,,,,,,,
c:CHI,Diqu_Jundui,army,sr:region_south_china,,combat_unit_type_line_infantry,STATE_SHANDONG;STATE_JIANGSU;STATE_JIANGXI;STATE_SUZHOU;STATE_CHONGQING;STATE_HUNAN;STATE_SHAOZHOU;STATE_GUANGDONG;STATE_SICHUAN;STATE_TIANSHAN;STATE_DZUNGARIA;STATE_QINGHAI;STATE_YUNNAN,100,combat_unit_type_dragoons,STATE_SHANDONG;STATE_JIANGSU;STATE_JIANGXI;STATE_SUZHOU;STATE_CHONGQING;STATE_HUNAN;STATE_SHAOZHOU;STATE_GUANGDONG;STATE_SICHUAN;STATE_TIANSHAN;STATE_DZUNGARIA;STATE_QINGHAI;STATE_YUNNAN,30,combat_unit_type_mobile_artillery,STATE_SHANDONG;STATE_JIANGSU;STATE_JIANGXI;STATE_SUZHOU;STATE_CHONGQING;STATE_HUNAN;STATE_SHAOZHOU;STATE_GUANGDONG;STATE_SICHUAN;STATE_TIANSHAN;STATE_DZUNGARIA;STATE_QINGHAI;STATE_YUNNAN,20,combat_unit_type_skirmish_infantry,STATE_SHANDONG;STATE_JIANGSU;STATE_JIANGXI;STATE_SUZHOU;STATE_CHONGQING;STATE_HUNAN;STATE_SHAOZHOU;STATE_GUANGDONG;STATE_SICHUAN;STATE_TIANSHAN;STATE_DZUNGARIA;STATE_QINGHAI;STATE_YUNNAN,50,,,,,,,,,,,,
c:CHI,Manzhou_Jun,army,sr:region_manchuria,,combat_unit_type_line_infantry,STATE_SHENGJING;STATE_SOUTHERN_MANCHURIA;STATE_NORTHERN_MANCHURIA,50,combat_unit_type_dragoons,STATE_SHENGJING;STATE_SOUTHERN_MANCHURIA;STATE_NORTHERN_MANCHURIA,15,,,,,,,,,,,,,,,,,,
c:CHI,Beiyang_Jiandui,fleet,sr:region_north_china,,combat_unit_type_scout_cruiser,STATE_SHENGJING;STATE_BEIJING;STATE_ZHILI;STATE_SHANDONG,4,combat_unit_type_destroyer,STATE_SHENGJING;STATE_BEIJING;STATE_ZHILI;STATE_SHANDONG,10,combat_unit_type_torpedo_boat,STATE_SHENGJING;STATE_BEIJING;STATE_ZHILI;STATE_SHANDONG,3,,,,,,,,,,,,,,,
c:CHI,Guangdong_Shui_Shi,fleet,sr:region_south_china,,combat_unit_type_scout_cruiser,STATE_GUANGDONG;STATE_SHAOZHOU,2,combat_unit_type_destroyer,STATE_GUANGDONG;STATE_SHAOZHOU,3,combat_unit_type_torpedo_boat,STATE_GUANGDONG;STATE_SHAOZHOU,2,,,,,,,,,,,,,,,
c:KOR,Kankoku_No_Churyu-Gun,army,sr:region_manchuria,,combat_unit_type_skirmish_infantry,STATE_SEOUL,15,,,,,,,,,,,,,,,,,,,,,
c:JAP,Dai-Ichi_Shidan,army,sr:region_japan,,combat_unit_type_trench_infantry,STATE_KANTO;STATE_CHUBU,50,combat_unit_type_dragoons,STATE_KANTO;STATE_CHUBU,10,combat_unit_type_siege_artillery,STATE_KANTO;STATE_CHUBU,40,,,,,,,,,,,,,,,
c:JAP,Dai-Ni_Shidan,army,sr:region_japan,,combat_unit_type_trench_infantry,STATE_TOHOKU;STATE_CHUBU,25,combat_unit_type_dragoons,STATE_TOHOKU;STATE_CHUBU,5,combat_unit_type_shrapnel_artillery,STATE_TOHOKU;STATE_CHUBU,20,,,,,,,,,,,,,,,
c:JAP,Dai-San_Shidan,army,sr:region_japan,,combat_unit_type_trench_infantry,STATE_KANSAI;STATE_SHIKOKU,15,combat_unit_type_dragoons,STATE_KANSAI;STATE_SHIKOKU,5,combat_unit_type_shrapnel_artillery,STATE_KANSAI;STATE_SHIKOKU,10,,,,,,,,,,,,,,,
c:JAP,Dai-Shi_Shidan,army,sr:region_japan,,combat_unit_type_trench_infantry,STATE_KANSAI;STATE_SHIKOKU,10,combat_unit_type_dragoons,STATE_KANSAI;STATE_SHIKOKU,5,combat_unit_type_shrapnel_artillery,STATE_KANSAI;STATE_SHIKOKU,5,,,,,,,,,,,,,,,
c:JAP,Dai-So_Shidan,army,sr:region_japan,,combat_unit_type_trench_infantry,STATE_CHUGOKU;STATE_SHIKOKU,15,combat_unit_type_dragoons,STATE_CHUGOKU;STATE_SHIKOKU,5,,,,,,,,,,,,,,,,,,
c:JAP,Dai-Roku_Shidan,army,sr:region_japan,,combat_unit_type_trench_infantry,STATE_KYUSHU,10,,,,,,,,,,,,,,,,,,,,,
c:JAP,Taiwan_No_Churyu-Gun,army,sr:region_south_china,,combat_unit_type_trench_infantry,STATE_FORMOSA,10,,,,,,,,,,,,,,,,,,,,,
c:JAP,Konoe_Shidan,army,sr:region_japan,,combat_unit_type_trench_infantry,STATE_KANTO,9,combat_unit_type_dragoons,STATE_KANTO,2,combat_unit_type_siege_artillery,STATE_KANTO,1,,,,,,,,,,,,,,,
c:JAP,Rengo_Kantai,fleet,sr:region_japan,,combat_unit_type_dreadnought,STATE_KANTO;STATE_CHUBU;STATE_KANSAI;STATE_SHIKOKU;STATE_CHUGOKU;STATE_KYUSHU,5,combat_unit_type_scout_cruiser,STATE_KANTO;STATE_CHUBU;STATE_KANSAI;STATE_SHIKOKU;STATE_CHUGOKU;STATE_KYUSHU,20,combat_unit_type_destroyer,STATE_KANTO;STATE_CHUBU;STATE_KANSAI;STATE_SHIKOKU;STATE_CHUGOKU;STATE_KYUSHU,35,combat_unit_type_torpedo_boat,STATE_KANTO;STATE_CHUBU;STATE_KANSAI;STATE_SHIKOKU;STATE_CHUGOKU;STATE_KYUSHU,45,combat_unit_type_submarine,STATE_KANTO;STATE_CHUBU;STATE_KANSAI;STATE_SHIKOKU;STATE_CHUGOKU;STATE_KYUSHU,10,,,,,,,,,
c:JAP,Dai-Ichi_Kantai,fleet,sr:region_japan,,combat_unit_type_dreadnought,STATE_KANTO,1,combat_unit_type_scout_cruiser,STATE_KANTO;STATE_CHUBU;STATE_KANSAI;STATE_SHIKOKU;STATE_CHUGOKU;STATE_KYUSHU,5,combat_unit_type_destroyer,STATE_KANTO;STATE_CHUBU;STATE_KANSAI;STATE_SHIKOKU;STATE_CHUGOKU;STATE_KYUSHU,15,combat_unit_type_torpedo_boat,STATE_KANTO;STATE_CHUBU;STATE_KANSAI;STATE_SHIKOKU;STATE_CHUGOKU;STATE_KYUSHU,20,combat_unit_type_submarine,STATE_KANTO;STATE_CHUBU;STATE_KANSAI;STATE_SHIKOKU;STATE_CHUGOKU;STATE_KYUSHU,5,,,,,,,,,
c:JAP,Dai-Ni_Kantai,fleet,sr:region_japan,,combat_unit_type_dreadnought,STATE_KANTO,1,combat_unit_type_scout_cruiser,STATE_KANTO;STATE_CHUBU;STATE_KANSAI;STATE_SHIKOKU;STATE_CHUGOKU;STATE_KYUSHU,4,combat_unit_type_destroyer,STATE_KANTO;STATE_CHUBU;STATE_KANSAI;STATE_SHIKOKU;STATE_CHUGOKU;STATE_KYUSHU,8,combat_unit_type_torpedo_boat,STATE_KANTO;STATE_CHUBU;STATE_KANSAI;STATE_SHIKOKU;STATE_CHUGOKU;STATE_KYUSHU,10,,,,,,,,,,,,
c:JAP,Dai-San_Kantai,fleet,sr:region_japan,,combat_unit_type_dreadnought,STATE_KANTO,1,combat_unit_type_scout_cruiser,STATE_KANTO;STATE_CHUBU;STATE_KANSAI;STATE_SHIKOKU;STATE_CHUGOKU;STATE_KYUSHU,3,combat_unit_type_destroyer,STATE_KANTO;STATE_CHUBU;STATE_KANSAI;STATE_SHIKOKU;STATE_CHUGOKU;STATE_KYUSHU,6,combat_unit_type_torpedo_boat,STATE_KANTO;STATE_CHUBU;STATE_KANSAI;STATE_SHIKOKU;STATE_CHUGOKU;STATE_KYUSHU,5,,,,,,,,,,,,
c:JAP,Tokumu_Kantai,fleet,sr:region_south_china,,,,,combat_unit_type_scout_cruiser,STATE_KANTO,1,combat_unit_type_destroyer,STATE_KANTO;STATE_CHUBU;STATE_KANSAI,3,combat_unit_type_torpedo_boat,STATE_KANTO;STATE_CHUBU,2,,,,,,,,,,,,